Tipo Istituto,Codice,Denominazione,Indirizzo,CAP,Comune,E-mail,Telefono
DIREZIONE DIDATTICA,AGEE01100C,CD - DON BOSCO,VIA PIRANDELLO,92024,CANICATTI',AGEE01100C@istruzione.it,0922851177
DIREZIONE DIDATTICA,AGEE034005,DD I CIRCOLO - GIOVANNI XXIII,"VIA G. LICATA, 18",92019,SCIACCA,AGEE034005@istruzione.it,092524544
DIREZIONE DIDATTICA,AGEE035001,DD II CIRCOLO - S.AGOSTINO,VIALE DELLA VITTORIA,92019,SCIACCA,AGEE035001@istruzione.it,092521061
ISTITUTO COMPRENSIVO,AGIC805003,IC - G. GALILEI,VIA VENEZUELA,92015,RAFFADALI,AGIC805003@istruzione.it,092239141
ISTITUTO COMPRENSIVO,AGIC80800E,IC - G.T. LAMPEDUSA,VIA PORDENONE,92018,SANTA MARGHERITA DI BELICE,AGIC80800E@istruzione.it,092531260
ISTITUTO COMPRENSIVO,AGIC81000E,IC - L. PIRANDELLO,VIA ENNA,92010,LAMPEDUSA E LINOSA,AGIC81000E@istruzione.it,0922970439
ISTITUTO COMPRENSIVO,AGIC812006,IC - A. MANZONI,"VIA PORTELLA,1",92010,ALESSANDRIA DELLA ROCCA,AGIC812006@istruzione.it,0922981041
ISTITUTO COMPRENSIVO,AGIC813002,IC - MAESTRO L. PANEPINTO,"VIA LIBERO ATTARDI, 29",92020,SANTO STEFANO QUISQUINA,AGIC813002@istruzione.it,0922982088
ISTITUTO COMPRENSIVO,AGIC81500N,IC - GANGITANO,"VIA PIRANDELLO,1",92024,CANICATTI',AGIC81500N@istruzione.it,0922851506
ISTITUTO COMPRENSIVO,AGIC817009,IC - F. FELICE DA SAMBUCA,"VIA E. BERLINGUER, 40",92017,SAMBUCA DI SICILIA,AGIC817009@istruzione.it,0925941151
ISTITUTO COMPRENSIVO,AGIC818005,IC - GIOVANNI PHILIPPONE,"VIA SACRAMENTO, 106",92020,SAN GIOVANNI GEMINI,AGIC818005@istruzione.it,0922903041
ISTITUTO COMPRENSIVO,AGIC819001,IC - G. GARIBALDI,"VIA PORTELLA GINESTRA, 12",92010,REALMONTE,AGIC819001@istruzione.it,0922816434
ISTITUTO COMPRENSIVO,AGIC820005,IC - ANNA FRANK,VIA MATTEO CIMARRA 5/A,92100,AGRIGENTO,AGIC820005@istruzione.it,0922603198
ISTITUTO COMPRENSIVO,AGIC821001,IC - AGRIGENTO CENTRO,"VIALE DELLA VITTORIA, 5",92100,AGRIGENTO,AGIC821001@istruzione.it,092220786
ISTITUTO COMPRENSIVO,AGIC82200R,IC - ESSENETO,"VIA MANZONI, 219",92100,AGRIGENTO,AGIC82200R@istruzione.it,092222988
ISTITUTO COMPRENSIVO,AGIC82400C,IC - S. QUASIMODO,"VIA AMARI, 4",92100,AGRIGENTO,AGIC82400C@istruzione.it,0922597521
ISTITUTO COMPRENSIVO,AGIC826004,IC - A.G. RONCALLI,VIA LEONE 11,92010,BURGIO,AGIC826004@istruzione.it,092564229
ISTITUTO COMPRENSIVO,AGIC82700X,IC - GIOVANNI XXIII,LARGO DEI PINI S.N.,92022,CAMMARATA,AGIC82700X@istruzione.it,0922909106
ISTITUTO COMPRENSIVO,AGIC82800Q,IC - S.G. BOSCO,VIA GE. CASCINO 128,92023,CAMPOBELLO DI LICATA,AGIC82800Q@istruzione.it,0922877036
ISTITUTO COMPRENSIVO,AGIC82900G,IC - MARIO RAPISARDI,VIA TRIESTE SN,92024,CANICATTI',AGIC82900G@istruzione.it,0922851270
ISTITUTO COMPRENSIVO,AGIC83000Q,IC - G.VERGA,"VIA VERGA, 1",92024,CANICATTI',AGIC83000Q@istruzione.it,0922851014
ISTITUTO COMPRENSIVO,AGIC83100G,IC - V. BRANCATI,VIA GROTTE,92026,FAVARA,AGIC83100G@istruzione.it,092231248
ISTITUTO COMPRENSIVO,AGIC83200B,IC - A. RONCALLI,VIA ACQUANOVA SNC,92020,GROTTE,AGIC83200B@istruzione.it,0922943313
ISTITUTO COMPRENSIVO,AGIC833007,IC - GIACOMO LEOPARDI,VIA A. LICATA S.N.C.,92027,LICATA,AGIC833007@istruzione.it,0922892766
ISTITUTO COMPRENSIVO,AGIC834003,IC - G. MARCONI,VIA EGITTO,92027,LICATA,AGIC834003@istruzione.it,0922773044
ISTITUTO COMPRENSIVO,AGIC83600P,IC - S. BIVONA,C/DA SOCCORSO,92013,MENFI,AGIC83600P@istruzione.it,092571895
ISTITUTO COMPRENSIVO,AGIC83800A,IC - F.E. CANGIAMILA,CORSA BRANCATELLO,92020,PALMA DI MONTECHIARO,AGIC83800A@istruzione.it,0922962749
ISTITUTO COMPRENSIVO,AGIC84000A,IC -L. PIRANDELLO,"VIA MOLO, 2",92014,PORTO EMPEDOCLE,AGIC84000A@istruzione.it,0922535371
ISTITUTO COMPRENSIVO,AGIC841006,IC - A. MANZONI,VIA TINTORIA,92029,RAVANUSA,AGIC841006@istruzione.it,09221802315
ISTITUTO COMPRENSIVO,AGIC84400N,IC - DANTE ALIGHIERI,"VIA MODIGLIANI, 43",92019,SCIACCA,AGIC84400N@istruzione.it,092521476
ISTITUTO COMPRENSIVO,AGIC84500D,IC - MARIANO ROSSI,"VIA E. DE NICOLA, 2/C",92019,SCIACCA,AGIC84500D@istruzione.it,092521263
ISTITUTO COMPRENSIVO,AGIC846009,IC - L. CAPUANA,VIA GARIBALDI 234,92021,ARAGONA,AGIC846009@istruzione.it,092236422
ISTITUTO COMPRENSIVO,AGIC847005,IC - PROVENZANI,VIA PIETRO NENNI,92020,PALMA DI MONTECHIARO,AGIC847005@istruzione.it,0922969241
ISTITUTO COMPRENSIVO,AGIC848001,IC - FRANCESCO GIORGIO,VIA DANTE 14,92027,LICATA,AGIC848001@istruzione.it,09221837367
ISTITUTO COMPRENSIVO,AGIC850001,GIUSEPPE TOMASI LAMPEDUSA,VIA PIRANDELLO 3,92020,PALMA DI MONTECHIARO,AGIC850001@istruzione.it,0922961300
ISTITUTO COMPRENSIVO,AGIC85100R,IC - LEONARDO SCIASCIA,VIA GARIBALDI N. 37,92020,RACALMUTO,AGIC85100R@istruzione.it,0922948016
ISTITUTO COMPRENSIVO,AGIC85200L,IC - DE COSMI,PIAZZA MAZZINI,92025,CASTELTERMINI,AGIC85200L@istruzione.it,0922916471
ISTITUTO COMPRENSIVO,AGIC85300C,IC - S.G. BOSCO,VIA DANTE 18,92028,NARO,AGIC85300C@istruzione.it,0922956081
ISTITUTO COMPRENSIVO,AGIC855004,IC - RITA LEVI MONTALCINI,VIA VITTORIO DE SICA,92100,AGRIGENTO,AGIC855004@istruzione.it,0922651670
ISTITUTO COMPRENSIVO,AGIC85600X,IC - DON BOSCO,VIA PLATANIA N. 13,92016,RIBERA,AGIC85600X@istruzione.it,092561162
ISTITUTO COMPRENSIVO,AGIC85700Q,IC - F. CRISPI,P.ZZA G.CESARE 1,92016,RIBERA,AGIC85700Q@istruzione.it,092561182
ISTITUTO COMPRENSIVO,AGIC85800G,IC - BERSAGLIERE URSO - MENDOLA,VIA BERSAGLIERE URSO,92026,FAVARA,AGIC85800G@istruzione.it,092231540
ISTITUTO COMPRENSIVO,AGIC85900B,IC - GAETANO GUARINO,VIA CAPITANO EMANUELE BASILE S.N.C.,92026,FAVARA,AGIC85900B@istruzione.it,2026436110
ISTITUTO COMPRENSIVO,AGIC86100B,IC - FALCONE - BORSELLINO,RAG.ANGELA D'ORO,92026,FAVARA,AGIC86100B@istruzione.it,092232634
ISTITUTO COMPRENSIVO,AGIC863003,IC - GARIBALDI - CAPUANA,"VIA P.PALERMO,223",92015,RAFFADALI,AGIC863003@istruzione.it,0922474149
ISTITUTO COMPRENSIVO,AGIC86400V,IC - LIVATINO,"VIA DELLO SPORT, SNC",92014,PORTO EMPEDOCLE,AGIC86400V@istruzione.it,0922634355
ISTITUTO SUPERIORE,AGIS00100X,IIS - UGO FOSCOLO,"VIA PIRANDELLO, 6",92024,CANICATTI',AGIS00100X@istruzione.it,0922851006
ISTITUTO SUPERIORE,AGIS00200Q,IIS - MADRE TERESA DI CALCUTTA,VIALE KENNEDY 29,92025,CASTELTERMINI,AGIS00200Q@istruzione.it,0922911960
ISTITUTO SUPERIORE,AGIS00800P,IIS - TOMMASO FAZELLO,VIA ALCIDE DE GASPERI 10,92019,SCIACCA,AGIS00800P@istruzione.it,092521642
ISTITUTO SUPERIORE,AGIS01100E,IIS - ENRICO FERMI,VIA F.RE GRILLO SN,92027,LICATA,AGIS01100E@istruzione.it,0922893987
ISTITUTO SUPERIORE,AGIS01200A,IIS - CALOGERO AMATO VETRANO,CONTRADA MARCHESA,92019,SCIACCA,AGIS01200A@istruzione.it,0925992116
ISTITUTO SUPERIORE,AGIS013006,IIS - F. RE CAPRIATA,VIA CAMPOBELLO,92027,LICATA,AGIS013006@istruzione.it,0922891227
ISTITUTO SUPERIORE,AGIS01600N,IIS - DON MICHELE ARENA,VIA NENNI,92019,SCIACCA,AGIS01600N@istruzione.it,092522510
ISTITUTO SUPERIORE,AGIS01700D,IIS - LUIGI PIRANDELLO,CONTRADA PARATORE N. 135,92010,BIVONA,AGIS01700D@istruzione.it,0922983223
ISTITUTO SUPERIORE,AGIS018009,IIS - GIUDICI SAETTA E LIVATINO,VIA LAURICELLA 2,92029,RAVANUSA,AGIS018009@istruzione.it,0922875745
ISTITUTO SUPERIORE,AGIS021005,IIS - FRANCESCO CRISPI,"VIA PRESTI, 2",92016,RIBERA,AGIS021005@istruzione.it,092561523
ISTITUTO SUPERIORE,AGIS022001,IIS - G.B. ODIERNA,CORSO SICILIA,92020,PALMA DI MONTECHIARO,AGIS022001@istruzione.it,0922969227
ISTITUTO SUPERIORE,AGIS02300R,IPSCEOA - N. GALLO,VIA F. QUARTARARO PITTORE S.N.,92100,AGRIGENTO,AGIS02300R@istruzione.it,0922604313
ISTITUTO SUPERIORE,AGIS02400L,IIS - ENRICO FERMI,VIA MINIERA TACCIA CACI PIRANDELLO S.N.C.,92021,ARAGONA,AGIS02400L@istruzione.it,0922602498
ISTITUTO SUPERIORE,AGIS026008,IIS - ARCHIMEDE,"VIA G. BONFIGLIO,44",92022,CAMMARATA,AGIS026008@istruzione.it,0922909401
ISTITUTO SUPERIORE,AGIS027004,IIS  - GALILEO GALILEI,VIA PIRANDELLO 4,92024,CANICATTI',AGIS027004@istruzione.it,0922852999
SCUOLA PRIMO GRADO,AGMM054009,SMS - A. INVEGES,"VIA A. DE GASPERI, 8/A",92019,SCIACCA,AGMM054009@istruzione.it,092521331
CPIA,AGMM083009,CPIA  DI  AGRIGENTO,VIA QUARTARARO PITTORE N. 5,92100,AGRIGENTO,AGMM083009@istruzione.it,0922603156
LICEO CLASSICO,AGPC010001,LICEO CLASSICO - EMPEDOCLE,VIA EMPEDOCLE 169,92100,AGRIGENTO,AGPC010001@istruzione.it,092220335
LICEO CLASSICO,AGPC060002,LICEO CLASSICO - VINCENZO LINARES,"VIA PROF. S. MALFITANO, 2",92027,LICATA,AGPC060002@istruzione.it,0922772266
ISTITUTO MAGISTRALE,AGPM02000Q,LICEO STATALE - MARTIN LUTHER KING,VIALE PIETRO NENNI 136,92026,FAVARA,AGPM02000Q@istruzione.it,092232516
ISTITUTO MAGISTRALE,AGPM03000A,LICEO SCIENTIFICO E SCIENZE UMANE POLITI,VIA ACRONE 12,92100,AGRIGENTO,AGPM03000A@istruzione.it,092220535
LICEO SCIENTIFICO,AGPS02000P,LICEO SCIENTIFICO - ENRICO FERMI,VIA PARMA N. 1,92019,SCIACCA,AGPS02000P@istruzione.it,092585103
LICEO SCIENTIFICO,AGPS030009,LICEO SCIENTIFICO - LEONARDO,VIALE DELLA VITTORIA,92100,AGRIGENTO,AGPS030009@istruzione.it,092229990
IST PROF PER I SERVIZI ALBERGHIERI E RISTORAZIONE,AGRH02000C,IPSSAR - G. AMBROSINI,VIA CHE GUEVARA,92026,FAVARA,AGRH02000C@istruzione.it,0922429331
ISTITUTO TECNICO COMMERCIALE,AGTD09000R,I.T.E.T. LEONARDO SCIASCIA,VIA RICCARDO QUARTARARO S.N.C.,92100,AGRIGENTO,AGTD09000R@istruzione.it,0922619319
DIREZIONE DIDATTICA,CLEE001006,LEONARDO SCIASCIA,"VIA NAPOLEONE COLAJANNI, S.N.",93100,CALTANISSETTA,CLEE001006@istruzione.it,093421404
DIREZIONE DIDATTICA,CLEE01100R,GELA II,VIA BERCHET S.N.,93012,GELA,CLEE01100R@istruzione.it,0933821298
DIREZIONE DIDATTICA,CLEE014008,GELA IV,"VIA PALAZZI,148",93012,GELA,CLEE014008@istruzione.it,0933930961
DIREZIONE DIDATTICA,CLEE02100B,NISCEMI II,"VIA CALATAFIMI, 12",93015,NISCEMI,CLEE02100B@istruzione.it,0933951434
DIREZIONE DIDATTICA,CLEE02400V,SAN CATALDO I,VIALE DEI PLATANI,93017,SAN CATALDO,CLEE02400V@istruzione.it,0934571232
DIREZIONE DIDATTICA,CLEE02500P,SAN CATALDO II,"VIA SANTA MARIA MAZZARELLO, SNC",93017,SAN CATALDO,CLEE02500P@istruzione.it,0934571394
DIREZIONE DIDATTICA,CLEE031002,NISCEMI III,"VIA TOMASI DI LAMPEDUSA, 1",93015,NISCEMI,CLEE031002@istruzione.it,0933958059
ISTITUTO COMPRENSIVO,CLIC80400G,VALLELUNGA PRAT. - MARIANOPOLI,"CONTRADA PIANTE, SNC",93010,VALLELUNGA PRATAMENO,CLIC80400G@istruzione.it,0934814079
ISTITUTO COMPRENSIVO,CLIC807003,SANTA CATERINA - RESUTTANO,"VIA NAZARIO SAURO, 51",93018,SANTA CATERINA VILLARMOSA,CLIC807003@istruzione.it,0934679657
ISTITUTO COMPRENSIVO,CLIC81000V,"""S. QUASIMODO"" - GELA -","VIALE INDIPENDENZA, 130",93012,GELA,CLIC81000V@istruzione.it,0933823290
ISTITUTO COMPRENSIVO,CLIC81100P,"I.C. ""G.VERGA"" - GELA","VIA SALONICCO, 2",93012,GELA,CLIC81100P@istruzione.it,0933835313
ISTITUTO COMPRENSIVO,CLIC815002,"""N. DI MARIA"" SOMMATINO - DELIA","VIALE GARIBALDI, 9",93019,SOMMATINO,CLIC815002@istruzione.it,0922871147
ISTITUTO COMPRENSIVO,CLIC81600T,MAZZARINO,VIA SICILIA 2,93013,MAZZARINO,CLIC81600T@istruzione.it,0934381252
ISTITUTO COMPRENSIVO,CLIC81700N,"""G.CARDUCCI"" - RIESI -","VIA SOLDATO ZUFFANTI, 57",93016,RIESI,CLIC81700N@istruzione.it,09341878250
ISTITUTO COMPRENSIVO,CLIC81800D,"1^ ""L. DA VINCI"" - MUSSOMELI","VIA CONCETTO MARCHESI,11",93014,MUSSOMELI,CLIC81800D@istruzione.it,0934951239
ISTITUTO COMPRENSIVO,CLIC819009,"""P. EMILIANI GIUDICI"" MUSSOMELI",VIALE PEPPE SORCE,93014,MUSSOMELI,CLIC819009@istruzione.it,0934952158
ISTITUTO COMPRENSIVO,CLIC82000D,"""FILIPPO PUGLISI"" SERRADIFALCO","VIA CAV. DI VITTORIO VENETO, SNC",93010,SERRADIFALCO,CLIC82000D@istruzione.it,0934931980
ISTITUTO COMPRENSIVO,CLIC821009,"""CAPONNETTO"" CALTANISSETTA","VIA MARIA MONTESSORI,1",93100,CALTANISSETTA,CLIC821009@istruzione.it,0934595552
ISTITUTO COMPRENSIVO,CLIC822005,"""V. VENETO""  CALTANISSETTA",VIA ANGELI S. N. C.,93100,CALTANISSETTA,CLIC822005@istruzione.it,093425809
ISTITUTO COMPRENSIVO,CLIC823001,"I. C. ""DON BOSCO"" - GELA",VIA TRAPANI 1,93012,GELA,CLIC823001@istruzione.it,0933911598
ISTITUTO COMPRENSIVO,CLIC82400R,GELA E BUTERA,"VIA BUTERA, SNC",93012,GELA,CLIC82400R@istruzione.it,0933835276
ISTITUTO COMPRENSIVO,CLIC82500L,I.C. MARTIN LUTHER KING,VIA LEONE XIII,93100,CALTANISSETTA,CLIC82500L@istruzione.it,0934551048
ISTITUTO COMPRENSIVO,CLIC827008,"""SAN FRANCESCO"" GELA","PIAZZA SALANDRA, 1",93012,GELA,CLIC827008@istruzione.it,0933917737
ISTITUTO COMPRENSIVO,CLIC828004,"""LOMBARDO RADICE"" CALTANISSETTA",PIAZZA MARTIRI D'UNGHERIA 29,93100,CALTANISSETTA,CLIC828004@istruzione.it,0934591967
ISTITUTO COMPRENSIVO,CLIC82900X,NISCEMI,"VIA V. CRESCIMONE , 1",93015,NISCEMI,CLIC82900X@istruzione.it,0933951117
ISTITUTO COMPRENSIVO,CLIC830004,"""DON L. MILANI"" CALTANISSETTA","VIA FILIPPO TURATI, SN",93100,CALTANISSETTA,CLIC830004@istruzione.it,0934598587
ISTITUTO COMPRENSIVO,CLIC83100X,DON LORENZO MILANI,VIA VENEZIA,93012,GELA,CLIC83100X@istruzione.it,0933912475
ISTITUTO COMPRENSIVO,CLIC83200Q,I. C.  ETTORE ROMAGNOLI - GELA,"VIA VOLTURNO, 28",93012,GELA,CLIC83200Q@istruzione.it,0933930934
ISTITUTO SUPERIORE,CLIS002004,LEONARDO DA VINCI,CARLO ALBERTO DALLA CHIESA SNC,93015,NISCEMI,CLIS002004@istruzione.it,0933953082
ISTITUTO SUPERIORE,CLIS00300X,LUIGI STURZO,VIA E. ROMAGNOLI 78,93012,GELA,CLIS00300X@istruzione.it,0933930069
ISTITUTO SUPERIORE,CLIS00600B,"I.I.S.S. ""ETTORE MAJORANA""","VIA PITAGORA, 41",93012,GELA,CLIS00600B@istruzione.it,0933930464
ISTITUTO SUPERIORE,CLIS007007,"""C.M.CARAFA"" MAZZARINO E RIESI","PIAZZA CARLO MARIA CARAFA, SNC",93013,MAZZARINO,CLIS007007@istruzione.it,0934381664
ISTITUTO SUPERIORE,CLIS008003,VIRGILIO,CONTRADA PRATO SNC,93014,MUSSOMELI,CLIS008003@istruzione.it,0934993967
ISTITUTO SUPERIORE,CLIS00900V,ANGELO DI ROCCO,VIA LEONE XIII 64,93100,CALTANISSETTA,CLIS00900V@istruzione.it,0934591250
ISTITUTO SUPERIORE,CLIS01200P,S. MOTTURA,VIALE DELLA REGIONE 71,93100,CALTANISSETTA,CLIS01200P@istruzione.it,0934591280
ISTITUTO SUPERIORE,CLIS01300E,L. RUSSO,"VIA LEONE XIII, 48/D",93100,CALTANISSETTA,CLIS01300E@istruzione.it,0934554255
ISTITUTO SUPERIORE,CLIS01400A,A. MANZONI E F. JUVARA,VIALE TRIESTE,93100,CALTANISSETTA,CLIS01400A@istruzione.it,0934598909
ISTITUTO SUPERIORE,CLIS016002,GIOVAN BATTISTA HODIERNA,CONTRADA PRATO,93014,MUSSOMELI,CLIS016002@istruzione.it,0934951415
ISTITUTO SUPERIORE,CLIS01800N,ESCHILO,"VIA ERITREA, SN",93012,GELA,CLIS01800N@istruzione.it,0933930051
ISTITUTO SUPERIORE,CLIS01900D,ALESSANDRO VOLTA,"VIA NINO MARTOGLIO, 1",93100,CALTANISSETTA,CLIS01900D@istruzione.it,0934591533
SCUOLA PRIMO GRADO,CLMM02400T,S.M.  GIOVANNI VERGA - NISCEMI,"VIALE MARIO GORI, SNC",93015,NISCEMI,CLMM02400T@istruzione.it,0933953069
SCUOLA PRIMO GRADO,CLMM029001,S.M. G. CARDUCCI - SAN CATALDO,"VIALE INDIPENDENZA, 24",93017,SAN CATALDO,CLMM029001@istruzione.it,0934586261
CPIA,CLMM04200B,CPIA CALTANISSETTA - ENNA,VIALE REGINA MARGHERITA 26,93100,CALTANISSETTA,CLMM04200B@istruzione.it,093422131
LICEO CLASSICO,CLPC02000X,"LICEO CLASSICO E LINGUIST. ""R. SETTIMO""",VIA ROSSO DI SAN SECONDO,93100,CALTANISSETTA,CLPC02000X@istruzione.it,093421600
LICEO SCIENTIFICO,CLPS03000N,LICEO SCIENTIFICO- LINGUISTICO VITTORINI,VIA PITAGORA S.N.C.,93012,GELA,CLPS03000N@istruzione.it,0933930594
IST PROF INDUSTRIA E ARTIGIANATO,CLRI01000N,IST PROF INDUST  SERVIZI GALILEO GALILEI,"VIA FRA F. GIARRATANA,1",93100,CALTANISSETTA,CLRI01000N@istruzione.it,093425449
IST TEC COMMERCIALE E PER GEOMETRI,CLTD090005,"ITET ""RAPISARDI- DA VINCI""","VIALE REGINA MARGHERITA, 27",93100,CALTANISSETTA,CLTD090005@istruzione.it,093425377
ISTITUTO TECNICO INDUSTRIALE,CLTF020005,"SETTORE TECNOLOGICO ""E. MORSELLI""",VIA PITAGORA,93012,GELA,CLTF020005@istruzione.it,0933930997
DIREZIONE DIDATTICA,CTEE008002,CD  DE AMICIS CATANIA,VIA ELEONORA D'ANGIO' 79 BIS,95125,CATANIA,CTEE008002@istruzione.it,095431980
DIREZIONE DIDATTICA,CTEE01700R,CD  M.RAPISARDI CATANIA,VIA AOSTA 31,95127,CATANIA,CTEE01700R@istruzione.it,095506475
DIREZIONE DIDATTICA,CTEE036006,CD   E. ROSSI   ACICATENA,VIA F. STRANO 79,95022,ACI CATENA,CTEE036006@istruzione.it,095801522
DIREZIONE DIDATTICA,CTEE04200D,I - CD SANTE GIUFFRIDA ADRANO,VIA CUSMANO DI ALCARA LI FUSI 15,95031,ADRANO,CTEE04200D@istruzione.it,0957692669
DIREZIONE DIDATTICA,CTEE043009,"II - CD ""DON A. LA MELA"" ADRANO","VIA I MAGGIO, 1",95031,ADRANO,CTEE043009@istruzione.it,0957694233
DIREZIONE DIDATTICA,CTEE044005,CD TERESA DI CALCUTTA BELPASSO,PIAZZA DUOMO 9,95032,BELPASSO,CTEE044005@istruzione.it,095912141
DIREZIONE DIDATTICA,CTEE045001,CD  S.G. BOSCO  BIANCAVILLA,VIA B.CROCE 1,95033,BIANCAVILLA,CTEE045001@istruzione.it,095686340
DIREZIONE DIDATTICA,CTEE04600R,CD  BIANCAVILLA  II,VIA DEI MANDORLI S.N.,95033,BIANCAVILLA,CTEE04600R@istruzione.it,095985309
DIREZIONE DIDATTICA,CTEE04700L,CD NICOLA SPEDALIERI BRONTE,"PIAZZA SPEDALIERI, 8",95034,BRONTE,CTEE04700L@istruzione.it,095691240
DIREZIONE DIDATTICA,CTEE04800C,CD  BRONTE II,VIA STEROPE 38,95034,BRONTE,CTEE04800C@istruzione.it,095691220
DIREZIONE DIDATTICA,CTEE06700T,"C.D. ""G. LOMBARDO RADICE""",VIA E. BELLIA 166,95047,PATERNO',CTEE06700T@istruzione.it,095842677
DIREZIONE DIDATTICA,CTEE06800N,CD GIOVANNI XXIII -PATERNO',VIA VULCANO 12,95047,PATERNO',CTEE06800N@istruzione.it,095841054
DIREZIONE DIDATTICA,CTEE06900D,CD  III  PATERNO',VIA PIETRO LUPO 131,95047,PATERNO',CTEE06900D@istruzione.it,095841296
DIREZIONE DIDATTICA,CTEE073005,CD DON  MILANI   RANDAZZO,VIA VITTORIO VENETO 4,95036,RANDAZZO,CTEE073005@istruzione.it,095921365
DIREZIONE DIDATTICA,CTEE081004,CD  T.DI CALCUTTA-TREMESTIERI,"VIA GUGLIELMINO, 49",95030,TREMESTIERI ETNEO,CTEE081004@istruzione.it,0957252431
DIREZIONE DIDATTICA,CTEE08300Q,CD  ZAFFERANA ETNEA,"VIA F.DE ROBERTO, 113",95019,ZAFFERANA ETNEA,CTEE08300Q@istruzione.it,0957082024
DIREZIONE DIDATTICA,CTEE087003,CD  S. AGATA LI BATTIATI,"LARGO PERLASCA, 3",95030,SANT'AGATA LI BATTIATI,CTEE087003@istruzione.it,095241247
DIREZIONE DIDATTICA,CTEE09000V,III  CD S.NICOLO' POLITI ADRANO,"VIA DEI DIRITTI DEL FANCIULLO, 45",95031,ADRANO,CTEE09000V@istruzione.it,0957695676
ISTITUTO COMPRENSIVO,CTIC80300R,IC L.DA VINCI-CASTEL DI IUDICA,"PIAZZA MARCONI, 7",95040,CASTEL DI IUDICA,CTIC80300R@istruzione.it,095661065
ISTITUTO COMPRENSIVO,CTIC806008,IC CARLO LEVI - MANIACE,"PIAZZA DELL'AUTONOMIA, 26",95030,MANIACE,CTIC806008@istruzione.it,095690457
ISTITUTO COMPRENSIVO,CTIC80800X,IC MAZZARRONE - LICODIA EUBEA,VIA ALCIDE DE GASPERI 1,95040,MAZZARRONE,CTIC80800X@istruzione.it,093328313
ISTITUTO COMPRENSIVO,CTIC80900Q,I.C. E. DE AMICIS  MIRABELLA I.,"PIAZZA ALDO MORO,7",95040,MIRABELLA IMBACCARI,CTIC80900Q@istruzione.it,0933991134
ISTITUTO COMPRENSIVO,CTIC81100Q,IC   L. CAPUANA    MINEO,"VIA SANT'IPPOLITO, SN",95044,MINEO,CTIC81100Q@istruzione.it,0933982141
ISTITUTO COMPRENSIVO,CTIC81200G,G. GALILEI,"VIA UMBERTO, 8/B",95035,MALETTO,CTIC81200G@istruzione.it,0957720005
ISTITUTO COMPRENSIVO,CTIC81300B,"I.C.S. ""GIOVANNI PAOLO II""","VIA PIERSANTI MATTARELLA, 41/43",95040,BELPASSO,CTIC81300B@istruzione.it,0957131259
ISTITUTO COMPRENSIVO,CTIC814007,IC SCANDURA   ACI CATENA,VIA DR. CHIARENZA,95022,ACI CATENA,CTIC814007@istruzione.it,095879338
ISTITUTO COMPRENSIVO,CTIC815003,IC F.GUGLIELMINO ACICATENA,VIA DANTE ALIGHIERI 6,95022,ACI CATENA,CTIC815003@istruzione.it,095801568
ISTITUTO COMPRENSIVO,CTIC81600V,IC G. FALCONE - ACICASTELLO,"VIA CESARE BATTISTI, 12",95021,ACI CASTELLO,CTIC81600V@istruzione.it,095274644
ISTITUTO COMPRENSIVO,CTIC81800E,V - I.C.  P.VASTA  ACIREALE,VIA DOTT. ALFIO FICHERA 3,95024,ACIREALE,CTIC81800E@istruzione.it,0957634515
ISTITUTO COMPRENSIVO,CTIC81900A,VI - I.C.  GIOV. XXIII ACIREALE,VIA FIRENZE S.N.,95024,ACIREALE,CTIC81900A@istruzione.it,095607135
ISTITUTO COMPRENSIVO,CTIC82000E,IC A. BRUNO - BIANCAVILLA,VIALE DEI FIORI,95033,BIANCAVILLA,CTIC82000E@istruzione.it,095985310
ISTITUTO COMPRENSIVO,CTIC82100A,IC G.MACHERIONE -CALATABIANO,VIA VITTORIO VENETO N. 93/95,95011,CALATABIANO,CTIC82100A@istruzione.it,095645610
ISTITUTO COMPRENSIVO,CTIC822006,I.C. G. ARCOLEO - V. DA  FELTRE,VIA SAN DOMENICO SAVIO N. 4,95041,CALTAGIRONE,CTIC822006@istruzione.it,093321179
ISTITUTO COMPRENSIVO,CTIC823002,IC P. GOBETTI - CALTAGIRONE,VIA PIERSANTI MATTARELLA S.N.,95041,CALTAGIRONE,CTIC823002@istruzione.it,093325663
ISTITUTO COMPRENSIVO,CTIC82500N,IC A. NARBONE - CALTAGIRONE,"VIA DEGLI STUDI, 8",95041,CALTAGIRONE,CTIC82500N@istruzione.it,093321697
ISTITUTO COMPRENSIVO,CTIC82600D,I.C. VERGA FIUMEFREDDO,VIA M. RAPISARDA 38,95013,FIUMEFREDDO DI SICILIA,CTIC82600D@istruzione.it,0957762738
ISTITUTO COMPRENSIVO,CTIC828005,IC G. TOMASI DI LAMPEDUSA,VIALE ALDO MORO N. 22,95030,GRAVINA DI CATANIA,CTIC828005@istruzione.it,095416230
ISTITUTO COMPRENSIVO,CTIC830005,II -IC  FUCCIO-LASPINA ACIREALE,VIA MONETARIO FLORISTELLA 4,95024,ACIREALE,CTIC830005@istruzione.it,095891581
ISTITUTO COMPRENSIVO,CTIC83200R,SANTO CALI',VIA SANT'ANTONINO 12,95015,LINGUAGLOSSA,CTIC83200R@istruzione.it,095643051
ISTITUTO COMPRENSIVO,CTIC83400C,IC FEDERICO II DI SVEVIA,"VIA DEL SOLE, SN",95030,MASCALUCIA,CTIC83400C@istruzione.it,095910718
ISTITUTO COMPRENSIVO,CTIC835008,"IC ""P.CARRERA"" - MILITELLO V.C.","VIALE REGINA MARGHERITA, 15",95043,MILITELLO IN VAL DI CATANIA,CTIC835008@istruzione.it,0957942200
ISTITUTO COMPRENSIVO,CTIC836004,IC L.DA VINCI - MISTERBIANCO,VIA G.BARONE,95045,MISTERBIANCO,CTIC836004@istruzione.it,0957556931
ISTITUTO COMPRENSIVO,CTIC83700X,I.C. MOTTA SANT'ANASTASIA,VIALE DELLA REGIONE 28,95040,MOTTA SANT'ANASTASIA,CTIC83700X@istruzione.it,095306410
ISTITUTO COMPRENSIVO,CTIC83800Q,IC S. CASELLA  PEDARA,VIA E.D'ANGIO' N.14,95030,PEDARA,CTIC83800Q@istruzione.it,095915694
ISTITUTO COMPRENSIVO,CTIC83900G,IC C.DUSMET - NICOLOSI,"VIA MONTI ROSSI, 14",95030,NICOLOSI,CTIC83900G@istruzione.it,095911420
ISTITUTO COMPRENSIVO,CTIC84100G,IC G. PONTE - PALAGONIA,VIA CIRCONVALLAZIONE 15,95046,PALAGONIA,CTIC84100G@istruzione.it,0957958706
ISTITUTO COMPRENSIVO,CTIC84200B,IC    G. MARCONI - PATERNO',VIA VIRGILIO 3,95047,PATERNO',CTIC84200B@istruzione.it,095622682
ISTITUTO COMPRENSIVO,CTIC84500V,IC DON MILANI   PATERNO',P.LE CIVILTA' DEL LAVORO 1,95047,PATERNO',CTIC84500V@istruzione.it,095859837
ISTITUTO COMPRENSIVO,CTIC84700E,IC E. DE AMICIS - RANDAZZO,PIAZZA LORETO,95036,RANDAZZO,CTIC84700E@istruzione.it,095921225
ISTITUTO COMPRENSIVO,CTIC84800A,IC DALLA CHIESA-S.G.LA PUNTA,VIA BALATELLE N.18,95037,SAN GIOVANNI LA PUNTA,CTIC84800A@istruzione.it,0957177802
ISTITUTO COMPRENSIVO,CTIC85000A,IC DON BOSCO - S.M.LICODIA,VIA SOLFERINO 63,95038,SANTA MARIA DI LICODIA,CTIC85000A@istruzione.it,095629329
ISTITUTO COMPRENSIVO,CTIC852002,IC D. SAVIO - S. GREGORIO,VIA SGROPPILLO 27,95027,SAN GREGORIO DI CATANIA,CTIC852002@istruzione.it,0957126869
ISTITUTO COMPRENSIVO,CTIC85300T,I.C. VITTORINI-S.P.CLARENZA,VIA DUSMET 24,95030,SAN PIETRO CLARENZA,CTIC85300T@istruzione.it,095529545
ISTITUTO COMPRENSIVO,CTIC85500D,IC P. G. M. ALLEGRA-VALVERDE,VIA V.EMANUELE,95028,VALVERDE,CTIC85500D@istruzione.it,095524077
ISTITUTO COMPRENSIVO,CTIC856009,IC GIOVANNI VERGA - VIAGRANDE,"VIA PACINI, 62",95029,VIAGRANDE,CTIC856009@istruzione.it,0957894373
ISTITUTO COMPRENSIVO,CTIC857005,"I.C.""ERCOLE PATTI"" TRECASTAGNI","VIA MACHIAVELLI,1",95039,TRECASTAGNI,CTIC857005@istruzione.it,0956782434
ISTITUTO COMPRENSIVO,CTIC858001,IC. DE AMICIS TREMESTIERI ETNEO,VIA MAIORANA,95030,TREMESTIERI ETNEO,CTIC858001@istruzione.it,0957413122
ISTITUTO COMPRENSIVO,CTIC85900R,"I.C.S. ""GIOVANNI VERGA""","VIALE MARGHERITA, 54",95049,VIZZINI,CTIC85900R@istruzione.it,0933965683
ISTITUTO COMPRENSIVO,CTIC860001,IC F.DE ROBERTO -ZAFFERANA,PIAZZALE TIENANMEN 5,95019,ZAFFERANA ETNEA,CTIC860001@istruzione.it,0957082022
ISTITUTO COMPRENSIVO,CTIC86100R,IC M.PURRELLO - S.GREGORIO,VIA FONDO DI GULLO,95027,SAN GREGORIO DI CATANIA,CTIC86100R@istruzione.it,095524407
ISTITUTO COMPRENSIVO,CTIC86200L,IC PESTALOZZI CATANIA,VILLAGGIO S.AGATA - ZONA A,95121,CATANIA,CTIC86200L@istruzione.it,095454566
ISTITUTO COMPRENSIVO,CTIC86300C,IC CAMPANELLA-STURZO CATANIA,VIALE BUMMACARO 8,95121,CATANIA,CTIC86300C@istruzione.it,095575046
ISTITUTO COMPRENSIVO,CTIC864008,IC  DUSMET - DORIA CATANIA,VIALE CASTAGNOLA 13,95121,CATANIA,CTIC864008@istruzione.it,095571356
ISTITUTO COMPRENSIVO,CTIC86700Q,I.C. FONTANAROSSA,VIA FONTANAROSSA 9,95121,CATANIA,CTIC86700Q@istruzione.it,095340566
ISTITUTO COMPRENSIVO,CTIC87500P,IC FRANCESCO PETRARCA - CATANIA,VIA GIOVANNI GIOVIALE N. 11,95123,CATANIA,CTIC87500P@istruzione.it,0957141765
ISTITUTO COMPRENSIVO,CTIC880006,IC FELTRE - CATANIA,"VIA DURANTE, 13",95123,CATANIA,CTIC880006@istruzione.it,095471061
ISTITUTO COMPRENSIVO,CTIC881002,MUSCO,VIALE G.DA VERRAZZANO 101,95121,CATANIA,CTIC881002@istruzione.it,095575577
ISTITUTO COMPRENSIVO,CTIC88200T,I.C. PITAGORA MISTERBIANCO,VIA FRATELLI CERVI N.4,95045,MISTERBIANCO,CTIC88200T@istruzione.it,0957556921
ISTITUTO COMPRENSIVO,CTIC88300N,IC DON L. MILANI MISTERBIANCO,VIA FEDERICO DE ROBERTO N. 2,95045,MISTERBIANCO,CTIC88300N@istruzione.it,0957556948
ISTITUTO COMPRENSIVO,CTIC885009,IC G.PARINI - CATANIA,VIA S. QUASIMODO N.3,95126,CATANIA,CTIC885009@istruzione.it,095497892
ISTITUTO COMPRENSIVO,CTIC886005,IC V.BRANCATI - CATANIA,VIALE S. TEODORO N. 2,95121,CATANIA,CTIC886005@istruzione.it,095457478
ISTITUTO COMPRENSIVO,CTIC887001,IC F. DE ROBERTO - CATANIA,VIA CONFALONIERI 9/D,95123,CATANIA,CTIC887001@istruzione.it,095350144
ISTITUTO COMPRENSIVO,CTIC88800R,I.C. LEONARDO SCIASCIA,STRADALE S.G.GALERMO S/N,95045,MISTERBIANCO,CTIC88800R@istruzione.it,0957556969
ISTITUTO COMPRENSIVO,CTIC88900L,IC P. PIO DA PIETRALCINA MISTER,VIA MODENA 21,95045,MISTERBIANCO,CTIC88900L@istruzione.it,0957556951
ISTITUTO COMPRENSIVO,CTIC89000R,IC GABELLI MISTERBIANCO,VIA A.GRAMSCI,95045,MISTERBIANCO,CTIC89000R@istruzione.it,0957556912
ISTITUTO COMPRENSIVO,CTIC89100L,I. C. DE CRUYLLAS - RAMACCA,"VIALE LIBERTA', 20",95040,RAMACCA,CTIC89100L@istruzione.it,0957930128
ISTITUTO COMPRENSIVO,CTIC89200C,IC XX SETTEMBRE CATANIA,VIA SIGNORELLI 1,95128,CATANIA,CTIC89200C@istruzione.it,095434114
ISTITUTO COMPRENSIVO,CTIC893008,IC G.B. NICOLOSI  -  PATERNO',VIA SCALA VECCHIA,95047,PATERNO',CTIC893008@istruzione.it,095842978
ISTITUTO COMPRENSIVO,CTIC894004,IC MALERBA CATANIA,VIA PIDATELLA 127,95126,CATANIA,CTIC894004@istruzione.it,095383854
ISTITUTO COMPRENSIVO,CTIC89600Q,IC  COPPOLA CATANIA,VIA MEDAGLIE D'ORO 25,95124,CATANIA,CTIC89600Q@istruzione.it,095350272
ISTITUTO COMPRENSIVO,CTIC89700G,ITALO CALVINO,VIA BRINDISI 11,95125,CATANIA,CTIC89700G@istruzione.it,095330560
ISTITUTO COMPRENSIVO,CTIC89800B,I.C.  DIAZ - MANZONI  CATANIA,VIA PLEBISCITO 784,95124,CATANIA,CTIC89800B@istruzione.it,095322402
ISTITUTO COMPRENSIVO,CTIC899007,IC  SAN GIORGIO - CATANIA,"STR.LE SAN GIORGIO,29",95121,CATANIA,CTIC899007@istruzione.it,095570530
ISTITUTO COMPRENSIVO,CTIC8A000X,III-STITUTO COMPRENSIVO  GIARRE,"VIALE DON MINZONI, 66",95014,GIARRE,CTIC8A000X@istruzione.it,095931031
ISTITUTO COMPRENSIVO,CTIC8A100Q,GIUSEPPE GUZZARDI,"VIA SAN GIOVANNI,30",95031,ADRANO,CTIC8A100Q@istruzione.it,0957692779
ISTITUTO COMPRENSIVO,CTIC8A200G,II- ISTITUTO COMPRENSIVO ADRANO,"VIA ROMA, 42",95031,ADRANO,CTIC8A200G@istruzione.it,0957692838
ISTITUTO COMPRENSIVO,CTIC8A300B,IC LEONARDO DA VINCI-MASCALUCIA,VIA REGIONE SICILIANA N. 12,95030,MASCALUCIA,CTIC8A300B@istruzione.it,0957275776
ISTITUTO COMPRENSIVO,CTIC8A4007,"I.C.   ""G.RODARI -G.NOSENGO""",VIA S.PAOLO N. 107,95030,GRAVINA DI CATANIA,CTIC8A4007@istruzione.it,0957258150
ISTITUTO COMPRENSIVO,CTIC8A5003,GIOVANNI BLANDINI,VIA AMEDEO 29,95046,PALAGONIA,CTIC8A5003@istruzione.it,0957958712
ISTITUTO COMPRENSIVO,CTIC8A600V,SANTE GIUFFRIDA,VIALE AFRICA 198,95129,CATANIA,CTIC8A600V@istruzione.it,0957465696
ISTITUTO COMPRENSIVO,CTIC8A700P,C.B.CAVOUR - CATANIA,"VIA CARBONE,6",95129,CATANIA,CTIC8A700P@istruzione.it,095310480
ISTITUTO COMPRENSIVO,CTIC8A800E,I.C.  SAURO - GIOVANNI XXIII,VIA TORQUATO TASSO 2,95123,CATANIA,CTIC8A800E@istruzione.it,095475037
ISTITUTO COMPRENSIVO,CTIC8A900A,I.C.  PIZZIGONI- CARDUCCI,VIA SIENA 5,95128,CATANIA,CTIC8A900A@istruzione.it,095434300
ISTITUTO COMPRENSIVO,CTIC8AB00G,IC CESARE BATTISTI CATANIA,VIA S.M.SALETTE 76,95121,CATANIA,CTIC8AB00G@istruzione.it,095341340
ISTITUTO COMPRENSIVO,CTIC8AC00B,"IC ""G. DELEDDA"" CATANIA",PIAZZA MONTESSORI,95124,CATANIA,CTIC8AC00B@istruzione.it,095360913
ISTITUTO COMPRENSIVO,CTIC8AD007,IC  S.G. BOSCO CATANIA,VIA LEOTTA 13,95122,CATANIA,CTIC8AD007@istruzione.it,095455155
ISTITUTO COMPRENSIVO,CTIC8AE003,IC  TEMPESTA CATANIA,VIA GRAMIGNANI 97,95121,CATANIA,CTIC8AE003@istruzione.it,095345083
ISTITUTO COMPRENSIVO,CTIC8AF00V,IC  M. MONTESSORI - P.MASCAGNI,"VIA GIUSEPPE DI GREGORIO, 22",95122,CATANIA,CTIC8AF00V@istruzione.it,095201922
ISTITUTO COMPRENSIVO,CTIC8AG00P,I.C. P.S. DI GUARDO - QUASIMODO,VIA S. VITALE 22,95123,CATANIA,CTIC8AG00P@istruzione.it,0957440026
ISTITUTO COMPRENSIVO,CTIC8AH00E,VESPUCCI - CAPUANA PIRANDELLO,VIA ZAPPALA' GEMELLI 3,95121,CATANIA,CTIC8AH00E@istruzione.it,095345181
ISTITUTO COMPRENSIVO,CTIC8AJ00Q,G.GALILEI - G.MAZZINI,VIA DALIA S.N.,95042,GRAMMICHELE,CTIC8AJ00Q@istruzione.it,0933940071
ISTITUTO COMPRENSIVO,CTIC8AK00G,I.C.  MASCALI,PIAZZA DANTE ALIGHIERI,95016,MASCALI,CTIC8AK00G@istruzione.it,095966253
ISTITUTO COMPRENSIVO,CTIC8AL00B,I.C.  GIOVANNI VERGA RIPOSTO,"VIA CIALDINI,122",95018,RIPOSTO,CTIC8AL00B@istruzione.it,095931590
ISTITUTO COMPRENSIVO,CTIC8AM007,"I.C.  "" G.FALCONE"" S.G.LA PUNTA",VIA PISA-PIAZZA GIOVANNI XXIII,95037,SAN GIOVANNI LA PUNTA,CTIC8AM007@istruzione.it,0957512713
ISTITUTO COMPRENSIVO,CTIC8AN003,"I.C.S.  "" G. VERGA"" SCORDIA","PIAZZA CARLO ALBERTO, 10",95048,SCORDIA,CTIC8AN003@istruzione.it,095657120
ISTITUTO COMPRENSIVO,CTIC8AP00P,"I.C. ""SALVO BASSO""",VIA BACHELET N. 01,95048,SCORDIA,CTIC8AP00P@istruzione.it,095659720
ISTITUTO COMPRENSIVO,CTIC8AQ00E,I.C.  S.VENERINA,VIA ALDO MORO,95010,SANTA VENERINA,CTIC8AQ00E@istruzione.it,0957000515
ISTITUTO COMPRENSIVO,CTIC8AR00A,"I - I.C.  ""FABRIZIO DE ANDRE'""",VIA VERONICA 63,95025,ACI SANT'ANTONIO,CTIC8AR00A@istruzione.it,0957891232
ISTITUTO COMPRENSIVO,CTIC8AS00G,II - I.C.  A. DE GASPERI,"VIA T. NICOLA MAUGERI, N. 4",95025,ACI SANT'ANTONIO,CTIC8AS00G@istruzione.it,0957022373
ISTITUTO COMPRENSIVO,CTIC8AT00B,I - I.C. VIA MARCH.  S.GIULIANO,VIA MARCHESE DI SAN GIULIANO 51,95024,ACIREALE,CTIC8AT00B@istruzione.it,095604600
ISTITUTO COMPRENSIVO,CTIC8AU007,III - I.C. RODARI ACIREALE,VIA DEL CASTELLO 3 (S.G. BOSCO),95024,ACIREALE,CTIC8AU007@istruzione.it,095809592
ISTITUTO COMPRENSIVO,CTIC8AV003,IV - I.C.  GALILEI ACIREALE,VIA MARIO ARCIDIACONO 2,95024,ACIREALE,CTIC8AV003@istruzione.it,0957634300
ISTITUTO COMPRENSIVO,CTIC8AX00P,I.C. MARIA MONTESSORI,"VIA MONTESSORI,3",95041,CALTAGIRONE,CTIC8AX00P@istruzione.it,093321205
ISTITUTO COMPRENSIVO,CTIC8AY00E,"I.C.""GIUSEPPE RUSSO""",VIA ALDO MORO N.21/23,95014,GIARRE,CTIC8AY00E@istruzione.it,095931656
ISTITUTO COMPRENSIVO,CTIC8AZ00A,"II IST. COMPRENSIVO ""S.G.BOSCO""","PIAZZA S.G. BOSCO, N. 1",95014,GIARRE,CTIC8AZ00A@istruzione.it,095930760
ISTITUTO COMPRENSIVO,CTIC8BA00A,I.C. GIOVANNI PAOLO   II,"VICO MAJORANA, 3",95030,GRAVINA DI CATANIA,CTIC8BA00A@istruzione.it,0957446009
ISTITUTO COMPRENSIVO,CTIC8BB006,I.C.  G.  VERGA CATANIA,VIA G.LEOPARDI 89/B,95127,CATANIA,CTIC8BB006@istruzione.it,095387210
ISTITUTO COMPRENSIVO,CTIC8BC002,"I.C.   ""G.FAVA""  MASCALUCIA","VIA TIMPARELLO,47",95030,MASCALUCIA,CTIC8BC002@istruzione.it,0957277486
ISTITUTO SUPERIORE,CTIS001009,IIS MICHELE AMARI,VIA PADRE AMBROGIO N.1,95014,GIARRE,CTIS001009@istruzione.it,0956136480
ISTITUTO SUPERIORE,CTIS00400R,IIS CUCUZZA - EUCLIDE,VIA MARIO SCELBA N. 5,95041,CALTAGIRONE,CTIS00400R@istruzione.it,093325598
ISTITUTO SUPERIORE,CTIS00600C,IS ENRICO MEDI,VIA PAPA GIOVANNI PAOLO II,95036,RANDAZZO,CTIS00600C@istruzione.it,0956136730
ISTITUTO SUPERIORE,CTIS007008,I.S.I.S. D. ABRUZZI POLITECNICO DEL MARE,"VIALE ARTALE ALAGONA, 99",95126,CATANIA,CTIS007008@istruzione.it,0956136225
ISTITUTO SUPERIORE,CTIS008004,IS FILIPPO BRUNELLESCHI,VIA GUICCIARDINI,95024,ACIREALE,CTIS008004@istruzione.it,0956136005
ISTITUTO SUPERIORE,CTIS00900X,IS VEN. IGNAZIO CAPIZZI,VIA UMBERTO N.279,95034,BRONTE,CTIS00900X@istruzione.it,0956136100
ISTITUTO SUPERIORE,CTIS01100X,IISS BENEDETTO RADICE,"VIA SARAJEVO,1",95034,BRONTE,CTIS01100X@istruzione.it,0956136120
ISTITUTO SUPERIORE,CTIS01200Q,IS RAPISARDI PATERNO',VIA DEGLI STUDI 1,95047,PATERNO',CTIS01200Q@istruzione.it,0956136650
ISTITUTO SUPERIORE,CTIS01300G,I.S. ITN-ITG-IPS  RIPOSTO,"VIA PIO LA TORRE, 1",95018,RIPOSTO,CTIS01300G@istruzione.it,0956136745
ISTITUTO SUPERIORE,CTIS016003,FRANCESCO REDI,VIA LUCANIA 1,95047,PATERNO',CTIS016003@istruzione.it,0956136679
ISTITUTO SUPERIORE,CTIS01700V,IS G. B. VACCARINI,"VIA ORCHIDEA, 9",95123,CATANIA,CTIS01700V@istruzione.it,0956136235
ISTITUTO SUPERIORE,CTIS023006,IS CARLO GEMMELLARO,"CORSO INDIPENDENZA,229",95122,CATANIA,CTIS023006@istruzione.it,0956136250
ISTITUTO SUPERIORE,CTIS024002,"IS ""C.A. DALLA CHIESA""",VIA SANTA MARIA DI GESU' S.N.,95041,CALTAGIRONE,CTIS024002@istruzione.it,0956136155
ISTITUTO SUPERIORE,CTIS02600N,"I.I.S.LICEO ""C. MARCHESI"" CL./SC.",VIA CASE NUOVE S.N.,95030,MASCALUCIA,CTIS02600N@istruzione.it,0956136565
ISTITUTO SUPERIORE,CTIS03300R,I.S.  G. FERRARIS,VIA TRAPANI N.4,95024,ACIREALE,CTIS03300R@istruzione.it,0956136030
ISTITUTO SUPERIORE,CTIS03400L,I.S. DE FELICE GIUFFRIDA - OLIVETTI,PIAZZA ROMA 4,95125,CATANIA,CTIS03400L@istruzione.it,0956136270
ISTITUTO SUPERIORE,CTIS03800X,I.S.  E.FERMI - EREDIA,VIA PASSO GRAVINA 197,95125,CATANIA,CTIS03800X@istruzione.it,0956136400
ISTITUTO SUPERIORE,CTIS03900Q,"I.I.S. ""E. FERMI - GUTTUSO""","VIA NUNZIO MACCARRONE, 4",95014,GIARRE,CTIS03900Q@istruzione.it,0956136555
ISTITUTO SUPERIORE,CTIS04200G,I.S.  RAMACCA - PALAGONIA,"VIA FASTUCHERIA, 48",95040,RAMACCA,CTIS04200G@istruzione.it,095653329
ISTITUTO SUPERIORE,CTIS04300B,MARCONI-MANGANO,"VIA VESCOVO MAURIZIO,82",95126,CATANIA,CTIS04300B@istruzione.it,0956136460
ISTITUTO SUPERIORE,CTIS044007,GULLI E PENNISI,VIA MARIO ARCIDIACONO,95024,ACIREALE,CTIS044007@istruzione.it,0956136040
ISTITUTO SUPERIORE,CTIS04700P,I.S. SECUSIO CALTAGIRONE,VIA MADONNA DELLA VIA 5/A,95041,CALTAGIRONE,CTIS04700P@istruzione.it,0956136170
ISTITUTO SUPERIORE,CTIS04900A,"I.S. ""MAJORANA-ARCOLEO""","VIA PIERSANTI MATTARELLA, 21",95041,CALTAGIRONE,CTIS04900A@istruzione.it,0956136180
ISTITUTO SUPERIORE,CTIS05100A,"IIS ""ENRICO DE NICOLA""",VIA G. MOTTA N.87,95037,SAN GIOVANNI LA PUNTA,CTIS05100A@istruzione.it,0956136770
ISTITUTO SUPERIORE,CTIS053002,LS LEONARDO,VIA VENETO S.N.,95014,GIARRE,CTIS053002@istruzione.it,00956136865
SCUOLA PRIMO GRADO,CTMM00300T,SMS Q.MAIORANA - CATANIA,"VIA CESARE BECCARIA, 87",95123,CATANIA,CTMM00300T@istruzione.it,095448275
SCUOLA PRIMO GRADO,CTMM029002,SMS D.ALIGHIERI - CATANIA,VIA CAGLIARI 59,95127,CATANIA,CTMM029002@istruzione.it,095438306
SCUOLA PRIMO GRADO,CTMM064009,SMS  MARIO PLUCHINOTTA,VIA MARLETTA,95030,SANT'AGATA LI BATTIATI,CTMM064009@istruzione.it,095213583
SCUOLA PRIMO GRADO,CTMM06700R,SMS RAFFAELLOSANZIO-TREMESTIERI,"VIA SAN MARCO, 03",95030,TREMESTIERI ETNEO,CTMM06700R@istruzione.it,095496093
SCUOLA PRIMO GRADO,CTMM095001,SMS GIUSEPPE MAZZINI - ADRANO,"VIA IV NOVEMBRE, SN",95031,ADRANO,CTMM095001@istruzione.it,0957692837
SCUOLA PRIMO GRADO,CTMM099008,SMS LUIGI STURZO - BIANCAVILLA,VIA CRISTOFORO COLOMBO 86,95033,BIANCAVILLA,CTMM099008@istruzione.it,0957712012
SCUOLA PRIMO GRADO,CTMM10300P,SMS N. MARTOGLIO -  BELPASSO,VIA SCUOLA MEDIA,95032,BELPASSO,CTMM10300P@istruzione.it,095912381
SCUOLA PRIMO GRADO,CTMM106006,SMS VIRGILIO  -  PATERNO',"VIA DEGLI STUDI, 1",95047,PATERNO',CTMM106006@istruzione.it,095858944
SCUOLA PRIMO GRADO,CTMM119008,SMS L. CASTIGLIONE BRONTE,"P.ZZA AVV. V.ZO CASTIGLIONE, 2",95034,BRONTE,CTMM119008@istruzione.it,095691180
CPIA,CTMM150008,CPIA CATANIA 1,VIA VELLETRI 28,95126,CATANIA,CTMM150008@istruzione.it,0958259050
CPIA,CTMM151004,CPIA CATANIA 2,"VIALE LIBERTA', 151",95014,GIARRE,CTMM151004@istruzione.it,3291041782
LICEO CLASSICO,CTPC01000A,LC GIOVANNI VERGA,VIA S. D'ACQUISTO N. 16,95031,ADRANO,CTPC01000A@istruzione.it,0956136075
LICEO CLASSICO,CTPC040006,"LC ""MARIO CUTELLI""",VIA FIRENZE 202,95128,CATANIA,CTPC040006@istruzione.it,0956136280
LICEO CLASSICO,CTPC070002,LC SPEDALIERI,PIAZZA ANNIBALE RICCO' S.N.,95124,CATANIA,CTPC070002@istruzione.it,0956136290
ISTITUTO MAGISTRALE,CTPM01000E,LICEO STATALE  FRANCESCO DE SANCTIS,"VIA FOGAZZARO,18",95047,PATERNO',CTPM01000E@istruzione.it,0956136690
ISTITUTO MAGISTRALE,CTPM020005,"LICEO STATALE ""G. TURRISI COLONNA""","VIA FABIO FILZI, 24",95124,CATANIA,CTPM020005@istruzione.it,0956136300
ISTITUTO MAGISTRALE,CTPM03000Q,LICEO STATALE LOMBARDO RADICE,VIA IMPERIA 21,95128,CATANIA,CTPM03000Q@istruzione.it,0956136310
ISTITUTO MAGISTRALE,CTPM04000A,IM REGINA ELENA,"VIA COLLEGIO PENNISI, 13",95024,ACIREALE,CTPM04000A@istruzione.it,0956136050
LICEO SCIENTIFICO,CTPS01000D,LS ARCHIMEDE,"VIA L. ARIOSTO, N.37",95024,ACIREALE,CTPS01000D@istruzione.it,0956136062
LICEO SCIENTIFICO,CTPS020004,LS BOGGIO LERA,VIA V. EMANUELE 346,95124,CATANIA,CTPS020004@istruzione.it,0956136325
LICEO SCIENTIFICO,CTPS03000P,LS FERMI,"CORSO DEL POPOLO, N.1",95047,PATERNO',CTPS03000P@istruzione.it,09561367000
LICEO SCIENTIFICO,CTPS040009,LS GALILEO GALILEI,VIA VESCOVO MAURIZIO 73 - 75,95126,CATANIA,CTPS040009@istruzione.it,0956136345
LICEO SCIENTIFICO,CTPS06000E,LICEO SCIENT/LINGUIST UMBERTO DI SAVOIA,"VIA CHISARI, 8",95123,CATANIA,CTPS06000E@istruzione.it,0956136360
LICEO SCIENTIFICO,CTPS10000Q,LICEO SC. MAJORANA S.G.LA PUNTA,VIA G. MOTTA 87,95037,SAN GIOVANNI LA PUNTA,CTPS10000Q@istruzione.it,0956136760
LICEO SCIENTIFICO,CTPS170002,I.S. ETTORE MAJORANA LICEO SCIENTIFICO,VIA LUIGI CAPUANA 36,95048,SCORDIA,CTPS170002@istruzione.it,0956136790
IST PROF PER I SERVIZI ALBERGHIERI E RISTORAZIONE,CTRH010007,IPSSAR GIOVANNI FALCONE,VIA VENETO 4,95014,GIARRE,CTRH010007@istruzione.it,0956136515
IST PROF PER I SERVIZI ALBERGHIERI E RISTORAZIONE,CTRH03000C,I.P.S.S.E.O.A. KAROL WOJTYLA CATANIA,"VIA GIOVANNI BATTISTA DE LA SALLE, 12",95125,CATANIA,CTRH03000C@istruzione.it,0956132060
IST PROF PER I SERVIZI ALBERGHIERI E RISTORAZIONE,CTRH05000N,ROCCO CHINNICI,"F.LLI GEMMELLARO, 86",95030,NICOLOSI,CTRH05000N@istruzione.it,0956136609
ISTITUTO D'ARTE,CTSD02000E,"LICEO ARTISTICO STATALE  ""M.M. LAZZARO""","VIA GENERALE AMEGLIO, 15",95123,CATANIA,CTSD02000E@istruzione.it,0956136410
LICEO ARTISTICO,CTSL01000A,"LICEO ARTISTICO "" EMILIO GRECO"" CATANIA","VIA MAVILLA, 37 - VICO BUONAFE', 9",95124,CATANIA,CTSL01000A@istruzione.it,0956136420
ISTITUTO TECNICO AERONAUTICO,CTTB01000A,ITAER A. FERRARIN,"VIA GALERMO, 172",95123,CATANIA,CTTB01000A@istruzione.it,0956136430
ISTITUTO TECNICO COMMERCIALE,CTTD160007,"I.T.E.""GIOACCHINO RUSSO""","VIA PARINI,S.N.",95047,PATERNO',CTTD160007@istruzione.it,0956136710
IST TEC COMMERCIALE E PER GEOMETRI,CTTD18000C,PIETRO BRANCHINA,VIA PASQUALE SIMONE NERI 11,95031,ADRANO,CTTD18000C@istruzione.it,0956136090
ISTITUTO TECNICO INDUSTRIALE,CTTF01000G,ISTITUTO TECNICO ARCHIMEDE,VIALE REGINA MARGHERITA 22,95123,CATANIA,CTTF01000G@istruzione.it,0956136440
ISTITUTO TECNICO INDUSTRIALE,CTTF03000R,ITI CANNIZZARO,VIA CARLO PISACANE 1,95122,CATANIA,CTTF03000R@istruzione.it,0956136450
CONVITTO NAZIONALE,CTVC01000N,MARIO CUTELLI,"VIA VITTORIO EMANUELE, 56",95131,CATANIA,CTVC01000N@istruzione.it,0956136470
DIREZIONE DIDATTICA,ENEE062002,DIREZ. DID. 2? CIRC. SAN FELICE,LARGO SAN VINCENZO N. 2,94014,NICOSIA,ENEE062002@istruzione.it,0935647464
DIREZIONE DIDATTICA,ENEE091002,BORGO   (TROINA),VIA GINO ABBATE N.16,94018,TROINA,ENEE091002@istruzione.it,0935653671
ISTITUTO COMPRENSIVO,ENIC80500Q,'E.PANTANO'   (ASSORO),VIA PIETRO NENNI 1,94010,ASSORO,ENIC80500Q@istruzione.it,0935667223
ISTITUTO COMPRENSIVO,ENIC810007,VINCENZO GUARNACCIA,VIA MARCONI 12,94016,PIETRAPERZIA,ENIC810007@istruzione.it,0934461069
ISTITUTO COMPRENSIVO,ENIC81500A,SANTA CHIARA,PIAZZA VI DICEMBRE S.N.C.,94100,ENNA,ENIC81500A@istruzione.it,0935503290
ISTITUTO COMPRENSIVO,ENIC816006,G.F.INGRASSIA,VIA MONS. PIEMONTE N.2,94017,REGALBUTO,ENIC816006@istruzione.it,0935910031
ISTITUTO COMPRENSIVO,ENIC817002,G.MAZZINI,VIA MAZZINI 133,94019,VALGUARNERA CAROPEPE,ENIC817002@istruzione.it,0935956259
ISTITUTO COMPRENSIVO,ENIC81800T,DON BOSCO,"VIA R.SANZIO,N.21",94018,TROINA,ENIC81800T@istruzione.it,0935657806
ISTITUTO COMPRENSIVO,ENIC81900N,G. GIUSTI SINOPOLI,"PIAZZA EUROPA, 4",94011,AGIRA,ENIC81900N@istruzione.it,0935691021
ISTITUTO COMPRENSIVO,ENIC82000T,F. P. NEGLIA - N. SAVARESE,"VIA CIVILTA' DEL LAVORO, 4",94100,ENNA,ENIC82000T@istruzione.it,093541592
ISTITUTO COMPRENSIVO,ENIC82100N,E.DE AMICIS,VIA LIBERTA' 36,94100,ENNA,ENIC82100N@istruzione.it,093537494
ISTITUTO COMPRENSIVO,ENIC82200D,DANTE ALIGHIERI,VIA RESISTENZA N.1,94013,LEONFORTE,ENIC82200D@istruzione.it,0935901114
ISTITUTO COMPRENSIVO,ENIC823009,EUROPA    (BARRAFRANCA),CORSO GARIBALDI N. 420,94012,BARRAFRANCA,ENIC823009@istruzione.it,0934464273
ISTITUTO COMPRENSIVO,ENIC824005,"""S.G.BOSCO""  (BARRAFRANCA)",VIA MAZZINI 62,94012,BARRAFRANCA,ENIC824005@istruzione.it,0934464274
ISTITUTO COMPRENSIVO,ENIC825001,CHINNICI-RONCALLI,VIA PETRARCA SNC,94015,PIAZZA ARMERINA,ENIC825001@istruzione.it,0935680688
ISTITUTO COMPRENSIVO,ENIC82600R,FALCONE-CASCINO,VIA GEN. CIANCIO N.15,94015,PIAZZA ARMERINA,ENIC82600R@istruzione.it,0935682023
ISTITUTO COMPRENSIVO,ENIC82700L,CARMINE DI NICOSIA,PIAZZA MARCONI 6,94014,NICOSIA,ENIC82700L@istruzione.it,0935638702
ISTITUTO COMPRENSIVO,ENIC82800C,"I. C. ""FERMI-LEOPARDI""","VIA G. LEOPARDI, 12",94010,CENTURIPE,ENIC82800C@istruzione.it,0935917121
ISTITUTO SUPERIORE,ENIS00200C,GIOVANNI FALCONE - BARRAFRANCA,VIA PIO LA TORRE 11,94012,BARRAFRANCA,ENIS00200C@istruzione.it,0934468353
ISTITUTO SUPERIORE,ENIS004004,"""FEDERICO II"" - ENNA","VIA NICOSIA, 2",94100,ENNA,ENIS004004@istruzione.it,0935500924
ISTITUTO SUPERIORE,ENIS00600Q,ALESSANDRO VOLTA - NICOSIA,VIALE VITTORIO VENETO 59,94014,NICOSIA,ENIS00600Q@istruzione.it,0935639815
ISTITUTO SUPERIORE,ENIS00700G,E. MAIORANA - GEN. A.CASCINO - P. ARM.,PIAZZA SENATORE MARESCALCHI,94015,PIAZZA ARMERINA,ENIS00700G@istruzione.it,0935683659
ISTITUTO SUPERIORE,ENIS00800B,FORTUNATO   FEDELE - AGIRA,PIAZZA EUROPA,94011,AGIRA,ENIS00800B@istruzione.it,0935691529
ISTITUTO SUPERIORE,ENIS011007,NAPOLEONE COLAJANNI,VIA VALVERDE 1,94100,ENNA,ENIS011007@istruzione.it,0935531716
ISTITUTO SUPERIORE,ENIS017006,LEONARDO DA VINCI - PIAZZA ARMERINA,VIA VITTORIO ALFIERI N.6,94015,PIAZZA ARMERINA,ENIS017006@istruzione.it,0935682124
ISTITUTO SUPERIORE,ENIS018002,"""ENRICO MEDI"" - LEONFORTE",VIA ANTONIO VIVALDI 2,94013,LEONFORTE,ENIS018002@istruzione.it,0935901070
ISTITUTO SUPERIORE,ENIS01900T,"""FRATELLI TESTA"" - NICOSIA",VIALE ITRIA N. 2-2/A,94014,NICOSIA,ENIS01900T@istruzione.it,0935647258
ISTITUTO SUPERIORE,ENIS02100T,"""ABRAMO LINCOLN"" - ENNA","VIA SALVATORE MAZZA, 3/5",94100,ENNA,ENIS02100T@istruzione.it,0935531402
LICEO SCIENTIFICO,ENPS01000R,LS PIETRO FARINATO - ENNA,"VIALE DIAZ, 61",94100,ENNA,ENPS01000R@istruzione.it,093526865
DIREZIONE DIDATTICA,MEEE06000T,DIR.DID.S.TERESA RIVA,VIA F. CRISPI 435,98028,SANTA TERESA DI RIVA,MEEE06000T@istruzione.it,0942791410
ISTITUTO COMPRENSIVO,MEIC813006,IC CAPIZZI - CESARO',VIA ROMA 10,98031,CAPIZZI,MEIC813006@istruzione.it,0935933022
ISTITUTO COMPRENSIVO,MEIC814002,TUSA,VIA ROMA N. 1,98079,TUSA,MEIC814002@istruzione.it,0921330044
ISTITUTO COMPRENSIVO,MEIC81600N,I. C. NOVARA DI SICILIA,"VIA MICHELANGELO, 32",98058,NOVARA DI SICILIA,MEIC81600N@istruzione.it,0941650032
ISTITUTO COMPRENSIVO,MEIC81700D,LIPARI,VIA CARNEVALE,98055,LIPARI,MEIC81700D@istruzione.it,0909887714
ISTITUTO COMPRENSIVO,MEIC818009,ISOLE EOLIE,VIA STRADALE,98055,LIPARI,MEIC818009@istruzione.it,0909812222
ISTITUTO COMPRENSIVO,MEIC819005,IC VILLAFRANCA TIRRENA,"VIA SAN GIUSEPPE CALASANZIO, 17",98049,VILLAFRANCA TIRRENA,MEIC819005@istruzione.it,090334517
ISTITUTO COMPRENSIVO,MEIC820009,"I.C.""STEFANO D'ARRIGO"" VENETICO",VIA NAZIONALE,98040,VENETICO,MEIC820009@istruzione.it,0909943168
ISTITUTO COMPRENSIVO,MEIC822001,"N.15 ME ""VITTORINI""",VIA COMUNALE - SS. ANNUNZIATA,98168,MESSINA,MEIC822001@istruzione.it,090356387
ISTITUTO COMPRENSIVO,MEIC82400L,I.C. D'ALCONTRES,"VIA SAN VITO, 29",98051,BARCELLONA POZZO DI GOTTO,MEIC82400L@istruzione.it,0909761049
ISTITUTO COMPRENSIVO,MEIC82500C,I.C. FOSCOLO,PIAZZA S. ANTONINO,98051,BARCELLONA POZZO DI GOTTO,MEIC82500C@istruzione.it,0909702519
ISTITUTO COMPRENSIVO,MEIC826008,ACQUEDOLCI,"VIA A. DIAZ, 66",98070,ACQUEDOLCI,MEIC826008@istruzione.it,0941726102
ISTITUTO COMPRENSIVO,MEIC827004,I.C. B.GENOVESE,VIA IMMACOLATA 278,98051,BARCELLONA POZZO DI GOTTO,MEIC827004@istruzione.it,0909797427
ISTITUTO COMPRENSIVO,MEIC83000X,"I. C.  N. 2 ""GIOVANNI PAOLO II""","VIA TORRENTE FORNO, 58",98071,CAPO D'ORLANDO,MEIC83000X@istruzione.it,0941426051
ISTITUTO COMPRENSIVO,MEIC83200G,I.C. ROCCALUMERA,VIA CAMINITI A.,98027,ROCCALUMERA,MEIC83200G@istruzione.it,0942744138
ISTITUTO COMPRENSIVO,MEIC83300B,I.C. GIARDINI,"VIA LUIGI RIZZO, 26",98035,GIARDINI-NAXOS,MEIC83300B@istruzione.it,09425780513
ISTITUTO COMPRENSIVO,MEIC834007,IST. COMPR. N. 1 CAPO D'ORLANDO,"VIA ROMA, 20/B",98071,CAPO D'ORLANDO,MEIC834007@istruzione.it,0941426696
ISTITUTO COMPRENSIVO,MEIC835003,FRANCAVILLA SICILIA,"VIA NAPOLI, 2",98034,FRANCAVILLA DI SICILIA,MEIC835003@istruzione.it,0942981230
ISTITUTO COMPRENSIVO,MEIC83700P,ALI' TERME,VIA MARIA TERESA FEDERICO S.N.C.,98021,ALI' TERME,MEIC83700P@istruzione.it,0942716646
ISTITUTO COMPRENSIVO,MEIC83800E,CASTELL'UMBERTO,VIA CRISPI,98070,CASTELL'UMBERTO,MEIC83800E@istruzione.it,0941438055
ISTITUTO COMPRENSIVO,MEIC83900A,BROLO,VIA ROMA,98061,BROLO,MEIC83900A@istruzione.it,0941561503
ISTITUTO COMPRENSIVO,MEIC842006,PACE DEL MELA,VIA G. DI VITTORIO 34,98042,PACE DEL MELA,MEIC842006@istruzione.it,0909339059
ISTITUTO COMPRENSIVO,MEIC84400T,ANNA RITA SIDOTI,VIA CALVARIO,98063,GIOIOSA MAREA,MEIC84400T@istruzione.it,0941301121
ISTITUTO COMPRENSIVO,MEIC84600D,TOMMASO AVERSA,"PIAZZA VITTORIO VENETO, N.6",98073,MISTRETTA,MEIC84600D@istruzione.it,0921381041
ISTITUTO COMPRENSIVO,MEIC847009,LONGI,"VIA VITTORIO VENETO, S.N.C.",98070,LONGI,MEIC847009@istruzione.it,0941485153
ISTITUTO COMPRENSIVO,MEIC848005,N.2 PATTI,PIAZZA XXV APRILE,98066,PATTI,MEIC848005@istruzione.it,094122804
ISTITUTO COMPRENSIVO,MEIC849001,N.3 PATTI,"PIAZZA XXV APRILE, 1",98066,PATTI,MEIC849001@istruzione.it,094121408
ISTITUTO COMPRENSIVO,MEIC851001,IC N.2 D'ACQUISTO,VIA CALISPERA,98125,MESSINA,MEIC851001@istruzione.it,090633867
ISTITUTO COMPRENSIVO,MEIC85200R,SAN FILIPPO DEL MELA,VIA SALVO D'ACQUISTO,98044,SAN FILIPPO DEL MELA,MEIC85200R@istruzione.it,090930475
ISTITUTO COMPRENSIVO,MEIC855008,S.LUCIA DEL MELA,VIA STEFANO CATTAFI,98046,SANTA LUCIA DEL MELA,MEIC855008@istruzione.it,090935345
ISTITUTO COMPRENSIVO,MEIC856004,I.C. SANTO STEFANO CAMASTRA,"VIA LIBERTA' , 1",98077,SANTO STEFANO DI CAMASTRA,MEIC856004@istruzione.it,0921331210
ISTITUTO COMPRENSIVO,MEIC85700X,TERME VIGLIATORE,"VIALE DELLE TERME,5",98050,TERME VIGLIATORE,MEIC85700X@istruzione.it,0909781254
ISTITUTO COMPRENSIVO,MEIC85900G,GIOVANNI XXIII VILL. ALDISIO,VIA TAORMINA,98124,MESSINA,MEIC85900G@istruzione.it,0902932457
ISTITUTO COMPRENSIVO,MEIC86100G,"N.13""A.LUCIANI""ME",RIONE GAZZI FUCILE,98147,MESSINA,MEIC86100G@istruzione.it,090687511
ISTITUTO COMPRENSIVO,MEIC86200B,"N.4 ""G.LEOPARDI""ME",PIAZZA STELLA MARIS,98125,MESSINA,MEIC86200B@istruzione.it,0902935502
ISTITUTO COMPRENSIVO,MEIC864003,"I.C. ""LA PIRA - GENTILUOMO"" ME",VIA GEROBINO PILLI CAMARO,98149,MESSINA,MEIC864003@istruzione.it,090673223
ISTITUTO COMPRENSIVO,MEIC86500V,"IST.COM.N.14""S.FRANC.DI PAOLA""",VIA OLIMPIA - SAN LICANDRO,98168,MESSINA,MEIC86500V@istruzione.it,09040868
ISTITUTO COMPRENSIVO,MEIC86600P,"IC ""CANNIZZARO-GALATTI""ME",VIA MARIO GIURBA 2,98123,MESSINA,MEIC86600P@istruzione.it,090716398
ISTITUTO COMPRENSIVO,MEIC86700E,"""MANZONI - DINA E CLARENZA"" ME","VIA GHIBELLINA, 211",98123,MESSINA,MEIC86700E@istruzione.it,0902921015
ISTITUTO COMPRENSIVO,MEIC869006,"N.11""PAINO-GRAV.""ME",PIAZZA VERSACI,98122,MESSINA,MEIC869006@istruzione.it,090713520
ISTITUTO COMPRENSIVO,MEIC871006,"I.C. VILLA LINA-RITIRO""ME",VIA SILA 29,98121,MESSINA,MEIC871006@istruzione.it,090362387
ISTITUTO COMPRENSIVO,MEIC872002,"N.19""E.DA MESSINA""ME",VIA ADOLFO ROMANO SN,98165,MESSINA,MEIC872002@istruzione.it,090392008
ISTITUTO COMPRENSIVO,MEIC87300T,I.C. PASCOLI-CRISPI,"VIA GRAN PRIORATO, 11",98121,MESSINA,MEIC87300T@istruzione.it,090360007
ISTITUTO COMPRENSIVO,MEIC87400N,ISTITUTO COMPRENSIVO - SAPONARA,VIA FIRENZE,98047,SAPONARA,MEIC87400N@istruzione.it,090333120
ISTITUTO COMPRENSIVO,MEIC876009,I.C. DI TORREGROTTA,VIA CROCIERI,98040,TORREGROTTA,MEIC876009@istruzione.it,0909981200
ISTITUTO COMPRENSIVO,MEIC877005,TORRENOVA,VIA G. MARCONI S.N.,98070,TORRENOVA,MEIC877005@istruzione.it,0941785127
ISTITUTO COMPRENSIVO,MEIC878001,RITA LEVI-MONTALCINI,"VIA PROFESSOR PROFETA, 27",98068,SAN PIERO PATTI,MEIC878001@istruzione.it,0941661033
ISTITUTO COMPRENSIVO,MEIC87900R,"N.1 ""CESAREO""S.AGATA MILITELLO","VIA VITTORIO VENETO, 103",98076,SANT'AGATA DI MILITELLO,MEIC87900R@istruzione.it,0941701453
ISTITUTO COMPRENSIVO,MEIC88100R,I.C. CAPUANA,"VIA DEGLI STUDI, 2",98051,BARCELLONA POZZO DI GOTTO,MEIC88100R@istruzione.it,0909703217
ISTITUTO COMPRENSIVO,MEIC88200L,"I.C. N.12""BATTISTI - FOSCOLO""","VIA MANZONI, 66",98121,MESSINA,MEIC88200L@istruzione.it,09048120
ISTITUTO COMPRENSIVO,MEIC88300C,I.C. PRIMO MILAZZO,"VIA DEL QUARTIERE, 26",98057,MILAZZO,MEIC88300C@istruzione.it,0909281409
ISTITUTO COMPRENSIVO,MEIC885004,"N.2""MARCONI""S.AGATA MILIT.","VIA DON BOSCO, 8",98076,SANT'AGATA DI MILITELLO,MEIC885004@istruzione.it,0941701443
ISTITUTO COMPRENSIVO,MEIC88600X,"N.1""FOSCOLO""TAORMINA",VIA DIETRO CAPPUCCINI,98039,TAORMINA,MEIC88600X@istruzione.it,0942628612
ISTITUTO COMPRENSIVO,MEIC88700Q,"I.C.S.  N. 7 ""ENZO DRAGO""  ME",VIA CATANIA 103 IS. 26/C,98124,MESSINA,MEIC88700Q@istruzione.it,0902939556
ISTITUTO COMPRENSIVO,MEIC88900B,I.C.S.TERESA DI RIVA,VIA DELLE COLLINE,98028,SANTA TERESA DI RIVA,MEIC88900B@istruzione.it,0942793140
ISTITUTO COMPRENSIVO,MEIC89100B,I.C. N. 1 TORTORICI,VIA ZAPPULLA 88,98078,TORTORICI,MEIC89100B@istruzione.it,0941421202
ISTITUTO COMPRENSIVO,MEIC893003,"I.C. ""BOER-VERONA TRENTO"" ME","VIA XXIV MAGGIO, 84",98122,MESSINA,MEIC893003@istruzione.it,09042910
ISTITUTO COMPRENSIVO,MEIC89400V,"I.C.""MAZZINI"" MESSINA",VIA ORATORIO S.FRANCESCO,98122,MESSINA,MEIC89400V@istruzione.it,090771810
ISTITUTO COMPRENSIVO,MEIC89600E,I.C.  MAZZINI-GALLO,VIA NATOLI,98123,MESSINA,MEIC89600E@istruzione.it,0902936258
ISTITUTO COMPRENSIVO,MEIC89700A,GIUSEPPE CATALFAMO,"VIA DEI GELSOMINI, 9",98125,MESSINA,MEIC89700A@istruzione.it,090622710
ISTITUTO COMPRENSIVO,MEIC898006,I.C. MILITI,"P.ZZA M. MONTESSORI, 1",98051,BARCELLONA POZZO DI GOTTO,MEIC898006@istruzione.it,0909797797
ISTITUTO COMPRENSIVO,MEIC899002,I.C. BALOTTA,"VIA SALITA II DEL CARMINE, 19",98051,BARCELLONA POZZO DI GOTTO,MEIC899002@istruzione.it,0909761133
ISTITUTO COMPRENSIVO,MEIC8AA00E,I.C. SECONDO MILAZZO,"VIA RISORGIMENTO, 65",98057,MILAZZO,MEIC8AA00E@istruzione.it,0909281240
ISTITUTO COMPRENSIVO,MEIC8AB00A,I.C. TERZO  MILAZZO,"VIA CARRUBARO, 5",98057,MILAZZO,MEIC8AB00A@istruzione.it,0909229481
ISTITUTO COMPRENSIVO,MEIC8AC006,I.C.TREMESTIERI,"S.S.114 KM 5,600",98128,MESSINA,MEIC8AC006@istruzione.it,090622946
ISTITUTO COMPRENSIVO,MEIC8AD002,I.C. S.MARGHERITA MESSINA,PIAZZA POZZO,98142,MESSINA,MEIC8AD002@istruzione.it,090610236
ISTITUTO COMPRENSIVO,MEIC8AE00T,ISTITUTO COMPRENSIVO PARADISO,VIA DEL FANTE N. 18 SS. ANNUNZIATA,98168,MESSINA,MEIC8AE00T@istruzione.it,090357135
ISTITUTO SUPERIORE,MEIS001004,I.S.MISTRETTA MANZONI,VIA NAZIONALE N. 182,98073,MISTRETTA,MEIS001004@istruzione.it,0921381135
ISTITUTO SUPERIORE,MEIS00200X,"I.S.""G.B. IMPALLOMENI""",VIA SPOTO N. 3,98057,MILAZZO,MEIS00200X@istruzione.it,0909224511
ISTITUTO SUPERIORE,MEIS00300Q,"I.I.S. SANT'AGATA DI M.LLO "" L.SCIASCIA""",C/DA MUTI,98076,SANT'AGATA DI MILITELLO,MEIS00300Q@istruzione.it,0941701720
ISTITUTO SUPERIORE,MEIS00800V,IS ISA CONTI ELLER VAINICHER,VIA TORRENTE S.LUCIA,98055,LIPARI,MEIS00800V@istruzione.it,0909811120
ISTITUTO SUPERIORE,MEIS00900P,I.S.MINUTOLI MESSINA,CONTRADA GAZZI FUCILE,98147,MESSINA,MEIS00900P@istruzione.it,0090685800
ISTITUTO SUPERIORE,MEIS01100P,I.S.BARCELLONA FERRARI,VICO PICARDI,98051,BARCELLONA POZZO DI GOTTO,MEIS01100P@istruzione.it,0909702516
ISTITUTO SUPERIORE,MEIS01300A,"I.S.""BISAZZA"" ME",VIALE ANNUNZIATA N.10/A,98168,MESSINA,MEIS01300A@istruzione.it,090358716
ISTITUTO SUPERIORE,MEIS01600T,"I.I.S. ""RENATO GUTTUSO""",VIA XX LUGLIO,98057,MILAZZO,MEIS01600T@istruzione.it,0909282938
ISTITUTO SUPERIORE,MEIS019009,"IST.ISTR.SUP. ""ANTONELLO"" MESSINA",V.LE GIOSTRA N.2,98121,MESSINA,MEIS019009@istruzione.it,0905731583
ISTITUTO SUPERIORE,MEIS023001,IIS  BORGHESE - FARANDA - PATTI,VIA MONSIGNORE A.FICARRA,98066,PATTI,MEIS023001@istruzione.it,094121007
ISTITUTO SUPERIORE,MEIS02400R,ITC CAPO D'ORLANDO MERENDINO,CONTRADA SANTA LUCIA,98071,CAPO D'ORLANDO,MEIS02400R@istruzione.it,0941901063
ISTITUTO SUPERIORE,MEIS027008,VERONA TRENTO - MESSINA,VIA UGO BASSI IS. 148,98123,MESSINA,MEIS027008@istruzione.it,0902934854
ISTITUTO SUPERIORE,MEIS02900X,"""MAUROLICO"" MESSINA",VIA CAVOUR 63,98122,MESSINA,MEIS02900X@istruzione.it,0090672110
ISTITUTO SUPERIORE,MEIS03100X,LA FARINA - BASILE,VIA ORATORIO DELLA PACE 5,98122,MESSINA,MEIS03100X@istruzione.it,09044910
ISTITUTO SUPERIORE,MEIS03200Q,ISTITUTO SUPERIORE CAMINITI-TRIMARCHI,VIA LUNGOMARE CENTRO,98028,SANTA TERESA DI RIVA,MEIS03200Q@istruzione.it,0942793130
ISTITUTO SUPERIORE,MEIS03300G,"I.I.S.S. ""PUGLIATTI "" TAORMINA",CONTRADA ARANCIO SNC,98039,TAORMINA,MEIS03300G@istruzione.it,094250237
ISTITUTO SUPERIORE,MEIS03400B,BARCELLONA MEDI,VIA DEGLI STUDI 74,98051,BARCELLONA POZZO DI GOTTO,MEIS03400B@istruzione.it,0909761268
ISTITUTO SUPERIORE,MEIS03700V,"IST. TEC. ECONOMICO ""A.M.JACI""",VIA CESARE BATTISTI 88,98122,MESSINA,MEIS03700V@istruzione.it,090710401
CPIA,MEMM574003,CPIA - MESSINA,"VIA UNIVERSITA', 2",98122,MESSINA,MEMM574003@istruzione.it,0907000453
LICEO CLASSICO,MEPC060006,LICEO VITTORIO EMANUELE III PATTI,VIA TRIESTE 43,98066,PATTI,MEPC060006@istruzione.it,094121409
ISTITUTO MAGISTRALE,MEPM010009,""" AINIS "" MESSINA",VIA ANTONELLO FRERI,98124,MESSINA,MEPM010009@istruzione.it,0902935964
LICEO SCIENTIFICO,MEPS010008,"""ARCHIMEDE"" MESSINA",V.LE REG. MARGHERITA 3,98121,MESSINA,MEPS010008@istruzione.it,09052438
LICEO SCIENTIFICO,MEPS03000D,"""SEGUENZA"" MESSINA",VIA S. AGOSTINO N.1,98122,MESSINA,MEPS03000D@istruzione.it,0090673569
LICEO SCIENTIFICO,MEPS22000L,LICEO LUCIO PICCOLO,VIA CONSOLARE ANTICA SNC,98071,CAPO D'ORLANDO,MEPS22000L@istruzione.it,0941902103
IST TEC COMMERCIALE E PER GEOMETRI,METD05000E,I.T. L.DA VINCI ECONOMICO TECNOLOGICO,VIA COLONNELLO MAGISTRI,98057,MILAZZO,METD05000E@istruzione.it,0909281320
IST TEC COMMERCIALE E PER GEOMETRI,METD08000A,"ITET ""E. FERMI"" ECONOMICO E TECNOLOGICO",VIA PITAGORA 42,98051,BARCELLONA POZZO DI GOTTO,METD08000A@istruzione.it,0909798024
IST TEC COMMERCIALE E PER GEOMETRI,METD110001,"ITET  "" G. TOMASI DI LAMPEDUSA""",VIA PARCO DEGLI ULIVI,98076,SANT'AGATA DI MILITELLO,METD110001@istruzione.it,0941702142
ISTITUTO TECNICO INDUSTRIALE,METF020001,ISTITUTO TECNICO TECNOLOGICO E.MAJORANA,"VIA TRE MONTI , 4",98057,MILAZZO,METF020001@istruzione.it,0909221775
ISTITUTO TECNICO INDUSTRIALE,METF03000G,ITT-LSSA COPERNICO,VIA ROMA 250,98051,BARCELLONA POZZO DI GOTTO,METF03000G@istruzione.it,0909797333
ISTITUTO TECNICO INDUSTRIALE,METF040006,ITI S.AGATA M.LLO TORRICELLI,VIA VALLONE POSTA,98076,SANT'AGATA DI MILITELLO,METF040006@istruzione.it,0941706035
ISTITUTO TECNICO NAUTICO,METH01000T,"I.T.T.L.  ""CAIO DUILIO""",VIA GIUSEPPE LA FARINA N.70,98123,MESSINA,METH01000T@istruzione.it,0902931850
DIREZIONE DIDATTICA,PAEE00300B,D.D. E. ARCULEO - PA,VIA VITO SCHIFANI 3,90129,PALERMO,PAEE00300B@istruzione.it,091484496
DIREZIONE DIDATTICA,PAEE012006,D.D. F. SAVERIO CAVALLARI - PA,CORSO DEI MILLE 793,90123,PALERMO,PAEE012006@istruzione.it,0916215303
DIREZIONE DIDATTICA,PAEE013002,D.D. A. DE GASPERI - PA,P.ZZA PAPA GIOVANNI PAOLO II,90146,PALERMO,PAEE013002@istruzione.it,091513992
DIREZIONE DIDATTICA,PAEE017009,D.D. E. DE AMICIS - PA,"VIA ROSSO S.SECONDO, 1",90135,PALERMO,PAEE017009@istruzione.it,091409294
DIREZIONE DIDATTICA,PAEE019001,D.D. A. GABELLI - PA,VIA EUGENIO L'EMIRO 30,90135,PALERMO,PAEE019001@istruzione.it,091214069
DIREZIONE DIDATTICA,PAEE020005,D.D. N. GARZILLI - PA,VIA ISONZO 7,90144,PALERMO,PAEE020005@istruzione.it,0916253767
DIREZIONE DIDATTICA,PAEE02900G,D.D. MONTI IBLEI - PA,VIA MONTE SAN CALOGERO 20,90146,PALERMO,PAEE02900G@istruzione.it,091517943
DIREZIONE DIDATTICA,PAEE03100G,D.D. E. SALGARI - PA,VIA PARATORE 34,90124,PALERMO,PAEE03100G@istruzione.it,0916477710
DIREZIONE DIDATTICA,PAEE03200B,D.D. F. ORESTANO - PA,VIA CONTE FEDERICO 1,90124,PALERMO,PAEE03200B@istruzione.it,0919828966
DIREZIONE DIDATTICA,PAEE033007,D.D. ALESSANDRA SIRAGUSA - PA,"VIA AMM. U. CAGNI,42",90146,PALERMO,PAEE033007@istruzione.it,0916711192
DIREZIONE DIDATTICA,PAEE034003,D.D. PARTANNA MONDELLO - PA,"VIA SANTOCANALE, 23/B",90151,PALERMO,PAEE034003@istruzione.it,091451555
DIREZIONE DIDATTICA,PAEE03700E,D.D. RAGUSA MOLETI - PA,VIA RAGUSA MOLETI 8,90129,PALERMO,PAEE03700E@istruzione.it,0916570710
DIREZIONE DIDATTICA,PAEE039006,D.D. ROSOLINO PILO - PA,VIA S.LA FRANCA 70,90127,PALERMO,PAEE039006@istruzione.it,0916162518
DIREZIONE DIDATTICA,PAEE04000A,D.D. NAZARIO SAURO - PA,VIA AMEDEO D'AOSTA 20,90123,PALERMO,PAEE04000A@istruzione.it,0916217274
DIREZIONE DIDATTICA,PAEE042002,D.D. TOMASELLI - PA,"VIA ABRUZZI,2",90144,PALERMO,PAEE042002@istruzione.it,091204823
DIREZIONE DIDATTICA,PAEE054008,D.D. BAGHERIA I - G. BAGNERA,PIAZZA LEONARDO DA VINCI,90011,BAGHERIA,PAEE054008@istruzione.it,091943332
DIREZIONE DIDATTICA,PAEE055004,D.D. BAGHERIA II- G. CIRINCIONE,VIA D'AMICO 1,90011,BAGHERIA,PAEE055004@istruzione.it,091943014
DIREZIONE DIDATTICA,PAEE05700Q,"D.D. "" KAROL WOJTYLA""",PIAZZA DELLA LIBERTA',90031,BELMONTE MEZZAGNO,PAEE05700Q@istruzione.it,0918729820
DIREZIONE DIDATTICA,PAEE063003,D.D. CAPACI - A. DE GASPERI,CORSO ISOLA DELLE FEMMINE SNC,90040,CAPACI,PAEE063003@istruzione.it,0918671318
DIREZIONE DIDATTICA,PAEE077001,D.D. MISILMERI I - TRAINA,VIA FIUME N. 2,90036,MISILMERI,PAEE077001@istruzione.it,0918722600
DIREZIONE DIDATTICA,PAEE09300V,D.D. TERMINI IMERESE I CIRCOLO,VIA DEL MAZZIERE,90018,TERMINI IMERESE,PAEE09300V@istruzione.it,0918113191
DIREZIONE DIDATTICA,PAEE09500E,D.D. VILLABATE I - DON MILANI,CORSO VITTORIO EMANUELE N.136,90039,VILLABATE,PAEE09500E@istruzione.it,0916143526
DIREZIONE DIDATTICA,PAEE10200C,D.D. BAGHERIA III-L. PIRANDELLO,VIA FILIPPO BUTTITTA,90011,BAGHERIA,PAEE10200C@istruzione.it,091961624
DIREZIONE DIDATTICA,PAEE103008,D.D. CASTELDACCIA,VIA LUNGARINI,90014,CASTELDACCIA,PAEE103008@istruzione.it,091953342
DIREZIONE DIDATTICA,PAEE10700G,D.D. TERRASINI - DON L. MILANI,VIA PAPA GIOVANNI,90049,TERRASINI,PAEE10700G@istruzione.it,0918619715
DIREZIONE DIDATTICA,PAEE11300V,D.D. VILLABATE II,VIA FIDUCCIA 7/A,90039,VILLABATE,PAEE11300V@istruzione.it,0916159077
DIREZIONE DIDATTICA,PAEE117006,D.D. MISILMERI II- V. LANDOLINA,"VIA ELIO VITTORINI, SNC",90036,MISILMERI,PAEE117006@istruzione.it,0918734841
ISTITUTO COMPRENSIVO,PAIC81000C,I.C. CAMPOFELICE /COLLESANO,"VIA PAPA GIOVANNI XXIII, 19",90010,CAMPOFELICE DI ROCCELLA,PAIC81000C@istruzione.it,0921428271
ISTITUTO COMPRENSIVO,PAIC811008,I.C. ALTAVILLA MILICIA,VIA CADUTI DI NASSIRIYA N.4,90010,ALTAVILLA MILICIA,PAIC811008@istruzione.it,091951037
ISTITUTO COMPRENSIVO,PAIC812004,I.C. CIMINNA -DON RIZZO,"VIA TRIESTE,25",90023,CIMINNA,PAIC812004@istruzione.it,0918204487
ISTITUTO COMPRENSIVO,PAIC81300X,I.C.PEREZ-M.TERESA DI CALCUTTA,P.ZZA PEREZ N.1,90127,PALERMO,PAIC81300X@istruzione.it,0916172218
ISTITUTO COMPRENSIVO,PAIC81400Q,I.C. BORGETTO/ PARTINICO,"VIA PRIMAVERA DI PRAGA, 1",90042,BORGETTO,PAIC81400Q@istruzione.it,0918981036
ISTITUTO COMPRENSIVO,PAIC81500G,I.C. SAN CIPIRELLO,"VIA A.GRAMSCI,2",90040,SAN CIPIRELLO,PAIC81500G@istruzione.it,0918581053
ISTITUTO COMPRENSIVO,PAIC81600B,"I.C. ""ALFONSO GIORDANO""",VIA AUTONOMIA 17/A,90025,LERCARA FRIDDI,PAIC81600B@istruzione.it,0918251147
ISTITUTO COMPRENSIVO,PAIC817007,I.C. BEATO DON PINO PUGLISI,VIA SAN MARCO 59,90030,VILLAFRATI,PAIC817007@istruzione.it,0918201468
ISTITUTO COMPRENSIVO,PAIC818003,I.C. POLLINA/S.MAURO CASTELVERD,VIA L. SCIASCIA,90010,POLLINA,PAIC818003@istruzione.it,0921426567
ISTITUTO COMPRENSIVO,PAIC81900V,I.C. CALTAVUTURO -G. ODDO,P.TTA CAV. DI VITT.VENETO N.1,90022,CALTAVUTURO,PAIC81900V@istruzione.it,0921541196
ISTITUTO COMPRENSIVO,PAIC820003,I.C. CASTELLANA S. /POLIZZI G.,CONTRADA FRAZZUCCHI,90020,CASTELLANA SICULA,PAIC820003@istruzione.it,0921562586
ISTITUTO COMPRENSIVO,PAIC82300E,I.C. CHIUSA/SCLAFANI- G. REINA,"VIA COCCHIARA,4",90033,CHIUSA SCLAFANI,PAIC82300E@istruzione.it,0918354028
ISTITUTO COMPRENSIVO,PAIC825006,I.C. MONTEMAGGIORE BELSITO,VIA GIUNTA MUNICIPALE,90020,MONTEMAGGIORE BELSITO,PAIC825006@istruzione.it,0918996224
ISTITUTO COMPRENSIVO,PAIC82800N,I.C. ALIA/ROCCAPALUMBA/VALLEDOL,"VIA PAGLIERE, 1",90021,ALIA,PAIC82800N@istruzione.it,0918214328
ISTITUTO COMPRENSIVO,PAIC82900D,I.C. CERDA- L. PIRANDELLO,VIA A.DE GASPERI N.2/4,90010,CERDA,PAIC82900D@istruzione.it,0918999873
ISTITUTO COMPRENSIVO,PAIC83000N,I.C. PETRALIA SOPRANA,VIA G.L.SGADARI,90026,PETRALIA SOPRANA,PAIC83000N@istruzione.it,0921641202
ISTITUTO COMPRENSIVO,PAIC834001,I.C. ISOLA DELLE FEMMINE-F.RISO,"VIA MANZONI,2",90040,ISOLA DELLE FEMMINE,PAIC834001@istruzione.it,0918617232
ISTITUTO COMPRENSIVO,PAIC83600L,I.C. BAGHERIA - T. AIELLO,VIA CONSOLARE 119,90011,BAGHERIA,PAIC83600L@istruzione.it,091902866
ISTITUTO COMPRENSIVO,PAIC83700C,I.C. RETTORE F.EVOLA,"VIA BOMMARITO N,16",90041,BALESTRATE,PAIC83700C@istruzione.it,0918980071
ISTITUTO COMPRENSIVO,PAIC838008,"I.C.S. ""EMANUELE VENTIMIGLIA""","VIA PLACIDO RIZZOTTO, 42/A",90031,BELMONTE MEZZAGNO,PAIC838008@istruzione.it,0918729870
ISTITUTO COMPRENSIVO,PAIC839004,I.C. MARINEO - BOLOGNETTA,CORSO DEI MILLE N.2,90035,MARINEO,PAIC839004@istruzione.it,0918725114
ISTITUTO COMPRENSIVO,PAIC840008,I.C. CAMPOREALE,P.ZA DELLE MIMOSE CENTRO NUOVO,90043,CAMPOREALE,PAIC840008@istruzione.it,092437397
ISTITUTO COMPRENSIVO,PAIC84200X,I.C. CASTELDACCIA,VIA CARLO CATTANEO N. 80,90014,CASTELDACCIA,PAIC84200X@istruzione.it,091954299
ISTITUTO COMPRENSIVO,PAIC84300Q,I.C. ALTOFONTE - E. ARMAFORTE,"VIALE EUROPA,5",90030,ALTOFONTE,PAIC84300Q@istruzione.it,091437252
ISTITUTO COMPRENSIVO,PAIC84500B,I.C. GANGI - F. P. POLIZZANO,VIA S.LEONARDO,90024,GANGI,PAIC84500B@istruzione.it,0921644579
ISTITUTO COMPRENSIVO,PAIC846007,I.C. CINISI,"VIA SACRAMENTO,3",90045,CINISI,PAIC846007@istruzione.it,0918664152
ISTITUTO COMPRENSIVO,PAIC847003,I.C. ANTONINO CAPONNETTO -PA,VIA SOCRATE N. 11,90147,PALERMO,PAIC847003@istruzione.it,091533124
ISTITUTO COMPRENSIVO,PAIC84800V,I.C. SFERRACAVALLO /ONORATO -PA,"VIA TACITO,34",90148,PALERMO,PAIC84800V@istruzione.it,091532549
ISTITUTO COMPRENSIVO,PAIC84900P,I.C. BAGHERIA IV - ASPRA,VIA GROTTE,90011,BAGHERIA,PAIC84900P@istruzione.it,091943333
ISTITUTO COMPRENSIVO,PAIC85000V,"I.C. BISACQUINO ""MONS. G.BACILE","VIA G. GENOVESE, 4",90032,BISACQUINO,PAIC85000V@istruzione.it,0918351522
ISTITUTO COMPRENSIVO,PAIC85100P,I.C. G.A.COLOZZA /BONFIGLIO-PA,"VIA IMERA,32",90138,PALERMO,PAIC85100P@istruzione.it,091582068
ISTITUTO COMPRENSIVO,PAIC85200E,I.C. G. DI VITTORIO -PA,"VIA DI VITTORIO,11",90121,PALERMO,PAIC85200E@istruzione.it,0916216635
ISTITUTO COMPRENSIVO,PAIC85300A,I.C. MANTEGNA /BONANNO -PA,"VIA BOLOGNI, 4",90136,PALERMO,PAIC85300A@istruzione.it,0916680889
ISTITUTO COMPRENSIVO,PAIC854006,I.C. KAROL WOJTYLA  -PA,"VIA DELL'ARSENALE,62",90142,PALERMO,PAIC854006@istruzione.it,0916376671
ISTITUTO COMPRENSIVO,PAIC855002,I.C. RENATO GUTTUSO -PA,VIA MESSINA MARINE N.811,90121,PALERMO,PAIC855002@istruzione.it,0916144932
ISTITUTO COMPRENSIVO,PAIC85600T,I.C. BOCCADIFALCO/TOMASI DI L.,VIA DOGALI,90135,PALERMO,PAIC85600T@istruzione.it,0916760335
ISTITUTO COMPRENSIVO,PAIC85800D,I.C.S. MARGHERITA DI NAVARRA,"VIA PAPA GIOVANNI PAOLO II, SNC",90046,MONREALE,PAIC85800D@istruzione.it,0916535962
ISTITUTO COMPRENSIVO,PAIC859009,I.C. A. VENEZIANO-P. NOVELLI,"VIA KENNEDY, 2",90046,MONREALE,PAIC859009@istruzione.it,0916404455
ISTITUTO COMPRENSIVO,PAIC86000D,I.C. CARINI-VILLAGRAZIA GUTTUSO,VIA ISCHIA 65/67,90044,CARINI,PAIC86000D@istruzione.it,0918674901
ISTITUTO COMPRENSIVO,PAIC861009,I.C. CARINI - LAURA LANZA,VIA A. PRANO 72/74,90044,CARINI,PAIC861009@istruzione.it,0918661056
ISTITUTO COMPRENSIVO,PAIC862005,I.C. MONTELEPRE-MANZONI,VIA MADONNA DEL CARMINE,90040,MONTELEPRE,PAIC862005@istruzione.it,0918984230
ISTITUTO COMPRENSIVO,PAIC86400R,I.C. MONREALE - GUGLIELMO II,VIA B. D'ACQUISTO 33,90046,MONREALE,PAIC86400R@istruzione.it,0916404489
ISTITUTO COMPRENSIVO,PAIC86500L,I.C. BAGHERIA- IGNAZIO BUTTITTA,"VIA FLAVIO GIOIA, 4",90011,BAGHERIA,PAIC86500L@istruzione.it,091943343
ISTITUTO COMPRENSIVO,PAIC86900X,I.C. FALCONE /FONDO RAFFO -PA,"VIA MARCHESE PENSABENE, 34",90146,PALERMO,PAIC86900X@istruzione.it,0916710763
ISTITUTO COMPRENSIVO,PAIC870004,I.C. LEONARDO SCIASCIA-PA,"VIA FRANCESCO DE GOBBIS,13",90146,PALERMO,PAIC870004@istruzione.it,091244310
ISTITUTO COMPRENSIVO,PAIC87100X,I.C. MICHELANGELO BUONARROTI-PA,"VIA TEMBIEN,1",90135,PALERMO,PAIC87100X@istruzione.it,091221001
ISTITUTO COMPRENSIVO,PAIC87200Q,I.C. PADRE PINO PUGLISI-PA,"VIA PANZERA,28",90124,PALERMO,PAIC87200Q@istruzione.it,0916307402
ISTITUTO COMPRENSIVO,PAIC87300G,I.C. L.PIRANDELLO/B. ULIVIA -PA,"VIA ORTIGIA, 19",90125,PALERMO,PAIC87300G@istruzione.it,091447736
ISTITUTO COMPRENSIVO,PAIC87400B,I.C PRINCIP. ELENA DI NAPOLI-PA,VIA USTICA 46,90135,PALERMO,PAIC87400B@istruzione.it,0916765738
ISTITUTO COMPRENSIVO,PAIC87700V,I.C. ANTONIO UGO -PA,"VIA ETTORE ARCULEO, 39",90135,PALERMO,PAIC87700V@istruzione.it,091211794
ISTITUTO COMPRENSIVO,PAIC87800P,I.C. GIUSEPPE VERDI -PA,VIA A. CASELLA N. 33/35,90145,PALERMO,PAIC87800P@istruzione.it,0916831487
ISTITUTO COMPRENSIVO,PAIC87900E,I.C. MANZONI /IMPASTATO - PA,"VIA FILIPPO PARLATORE ,56",90145,PALERMO,PAIC87900E@istruzione.it,0916823926
ISTITUTO COMPRENSIVO,PAIC88000P,I.C. PARTINICO CASSARA' - GUIDA,"VIA SCIOPERO ALLA ROVESCIA, 8",90047,PARTINICO,PAIC88000P@istruzione.it,0917296754
ISTITUTO COMPRENSIVO,PAIC88100E,I.C. PIANA DEGLI ALBANESI,VIA PIETRA DI MARIA,90037,PIANA DEGLI ALBANESI,PAIC88100E@istruzione.it,0918561000
ISTITUTO COMPRENSIVO,PAIC88200A,I.C. PRIZZI,VIA FOSSA DELLA NEVE,90038,PRIZZI,PAIC88200A@istruzione.it,0918345040
ISTITUTO COMPRENSIVO,PAIC884002,IST. COMPRENS SAN GIUSEPPE JATO,CONTRADA MORTILLI SNC,90048,SAN GIUSEPPE JATO,PAIC884002@istruzione.it,0918579953
ISTITUTO COMPRENSIVO,PAIC88500T,I.C. SANTA FLAVIA - K. WOJTYLA,"CORSO VITTORIO EMANUELE ORLANDO, 156",90017,SANTA FLAVIA,PAIC88500T@istruzione.it,091947060
ISTITUTO COMPRENSIVO,PAIC88600N,I.C. TERMINI-BALSAMO/PANDOLFINI,"SALITA SAN GIROLAMO, SNC",90018,TERMINI IMERESE,PAIC88600N@istruzione.it,0918111808
ISTITUTO COMPRENSIVO,PAIC88700D,I.C. TERRASINI - GIOVANNI XXIII,"VIALE GIUSEPPE CONSIGLIO, 01",90049,TERRASINI,PAIC88700D@istruzione.it,0918619723
ISTITUTO COMPRENSIVO,PAIC888009,IC. TRABIA -GIOVANNI XXIII,"VIA PIERSANTI MATTARELLA, 9",90019,TRABIA,PAIC888009@istruzione.it,091544510
ISTITUTO COMPRENSIVO,PAIC890009,I.C. POLITEAMA -PA,"PIAZZA CASTELNUOVO, 40",90141,PALERMO,PAIC890009@istruzione.it,091331037
ISTITUTO COMPRENSIVO,PAIC892001,"I.C.S "" MATTARELLA -BONAGIA""","VIA DEL CASTORO, 13",90125,PALERMO,PAIC892001@istruzione.it,091444138
ISTITUTO COMPRENSIVO,PAIC89300R,I.C. G. MARCONI -PA,"VIA GEN. A DI GIORGI, 4",90143,PALERMO,PAIC89300R@istruzione.it,0916255080
ISTITUTO COMPRENSIVO,PAIC897004,I.C. GIULIANA SALADINO - PA,"VIA BARISANO DA TRANI, 7 - 9",90145,PALERMO,PAIC897004@istruzione.it,0916734993
ISTITUTO COMPRENSIVO,PAIC89800X,I.C. RITA BORSELLINO,VIA G .F. INGRASSIA 33,90123,PALERMO,PAIC89800X@istruzione.it,0916164473
ISTITUTO COMPRENSIVO,PAIC89900Q,I.C. ABBA /ALIGHIERI -PA,VIA RUGGERO MARTURANO 77/79,90142,PALERMO,PAIC89900Q@istruzione.it,0916374806
ISTITUTO COMPRENSIVO,PAIC8A000C,I.C. RITA LEVI MONTALCINI -PA,"PIAZZA S.PAOLO, N.4",90135,PALERMO,PAIC8A000C@istruzione.it,091311054
ISTITUTO COMPRENSIVO,PAIC8A1008,I.C. LUIGI CAPUANA -PA,"VIA ALESSIO NARBONE, 55",90138,PALERMO,PAIC8A1008@istruzione.it,0916511733
ISTITUTO COMPRENSIVO,PAIC8A2004,I.C. SILVIO BOCCONE -PA,"VIA DEL VESPRO,72",90127,PALERMO,PAIC8A2004@istruzione.it,0916164215
ISTITUTO COMPRENSIVO,PAIC8A300X,I.C. MONREALE - F. MORVILLO,"VIA B. GIORDANO, 10",90046,MONREALE,PAIC8A300X@istruzione.it,0916405406
ISTITUTO COMPRENSIVO,PAIC8A400Q,I.C. CAPACI - BIAGIO SICILIANO,CORSO ISOLA DELLE FEMMINE 11,90040,CAPACI,PAIC8A400Q@istruzione.it,0918671293
ISTITUTO COMPRENSIVO,PAIC8A500G,I.C.  ROSARIO LIVATINO,CORTILE GIALLOMBARDO SNC,90010,FICARAZZI,PAIC8A500G@istruzione.it,0916360746
ISTITUTO COMPRENSIVO,PAIC8A600B,I.C. TERMINI I. - TISIA D'IMERA,VIA DEL MAZZIERE,90018,TERMINI IMERESE,PAIC8A600B@istruzione.it,0918143050
ISTITUTO COMPRENSIVO,PAIC8A7007,I.C. PRIVITERA/POLIZZI,VIA PRINCIPE UMBERTO N.305,90047,PARTINICO,PAIC8A7007@istruzione.it,091202206
ISTITUTO COMPRENSIVO,PAIC8A8003,I.C. CASA DEL FANCIULLO,VIA LIBERTA',90047,PARTINICO,PAIC8A8003@istruzione.it,0918906785
ISTITUTO COMPRENSIVO,PAIC8A900V,G. VASI,VIA DON G. COLLETTO,90034,CORLEONE,PAIC8A900V@istruzione.it,0918463040
ISTITUTO COMPRENSIVO,PAIC8AA008,I.C. CRUILLAS -PA,"VIA SALERNO,19",90146,PALERMO,PAIC8AA008@istruzione.it,091220879
ISTITUTO COMPRENSIVO,PAIC8AB004,I.C. RITA ATRIA -PA,"LARGO CAVALIERI DI MALTA,9",90133,PALERMO,PAIC8AB004@istruzione.it,091321317
ISTITUTO COMPRENSIVO,PAIC8AC00X,I.C. SCINA'/COSTA -PA,VIA LI BASSI 60,90128,PALERMO,PAIC8AC00X@istruzione.it,091486725
ISTITUTO COMPRENSIVO,PAIC8AD00Q,I.C. LOMBARDO RADICE -PA,C.SO CALATAFIMI 241/A,90129,PALERMO,PAIC8AD00Q@istruzione.it,091422967
ISTITUTO COMPRENSIVO,PAIC8AF00B,I.C. CACCAMO - G. BARBERA,VIA ORTO DEGLI ANGELI,90012,CACCAMO,PAIC8AF00B@istruzione.it,0918148210
ISTITUTO COMPRENSIVO,PAIC8AG007,I.C. CARINI-CALDERONE/TORRETTA,"VIA EMILIA,1",90044,CARINI,PAIC8AG007@istruzione.it,0918661303
ISTITUTO COMPRENSIVO,PAIC8AH003,I.C. CASTELBUONO-F.MINA'PALUMBO,"VIA SANDRO PERTINI, 40",90013,CASTELBUONO,PAIC8AH003@istruzione.it,0921671165
ISTITUTO COMPRENSIVO,PAIC8AJ008,I.C. CEFALU' - NICOLA BOTTA,"VIA ENRICO FERMI, 4",90015,CEFALU',PAIC8AJ008@istruzione.it,0921421242
ISTITUTO COMPRENSIVO,PAIC8AK004,I.C. L.DA VINCI /G.CARDUCCI -PA,VIA FERDINANDO DI GIORGI 48,90145,PALERMO,PAIC8AK004@istruzione.it,091401313
ISTITUTO COMPRENSIVO,PAIC8AL00X,I.C. GIOVANNI XXIII /PIAZZI -PA,"VIA MARIO RUTELLI, 50",90143,PALERMO,PAIC8AL00X@istruzione.it,091343733
ISTITUTO COMPRENSIVO,PAIC8AM00Q,I.C. GIOTTO /CIPOLLA,VIA GIOTTO N.41,90145,PALERMO,PAIC8AM00Q@istruzione.it,091225333
ISTITUTO COMPRENSIVO,PAIC8AN00G,I.C. ALBERICO GENTILI -PA,"VIA F.LO IACONO, 1",90144,PALERMO,PAIC8AN00G@istruzione.it,0916251761
ISTITUTO COMPRENSIVO,PAIC8AP007,I.C. M.RAPISARDI /GARIBALDI -PA,VIA CALTANISSETTA 27,90141,PALERMO,PAIC8AP007@istruzione.it,0916260510
ISTITUTO COMPRENSIVO,PAIC8AQ003,I.C. UDITORE /SETTI CARRARO -PA,VIA TIEPOLO N.4,90145,PALERMO,PAIC8AQ003@istruzione.it,091205442
ISTITUTO COMPRENSIVO,PAIC8AR00V,I.C. GIUSEPPE SCELSA -PA,"VIA VILLANI, 40",90129,PALERMO,PAIC8AR00V@istruzione.it,0917798925
ISTITUTO COMPRENSIVO,PAIC8AS004,I.C.  VITTORIO EMANUELE III -PA,VIA CESARE TERRANOVA N. 93,90131,PALERMO,PAIC8AS004@istruzione.it,0916605017
ISTITUTO COMPRENSIVO,PAIC8AT00X,I.C. SPERONE / PERTINI -PA,"VIA GIANNOTTA, 4",90121,PALERMO,PAIC8AT00X@istruzione.it,091478848
ISTITUTO COMPRENSIVO,PAIC8AU00Q,I.C. PESTALOZZI/CAVOUR-PA,"VIA CROCIFISSO A PIETRATAGLIATA,7D",90135,PALERMO,PAIC8AU00Q@istruzione.it,091421679
ISTITUTO COMPRENSIVO,PAIC8AV00G,I.C. MAREDOLCE - PA,"VIA FICHIDINDIA, 6",90124,PALERMO,PAIC8AV00G@istruzione.it,091447988
ISTITUTO COMPRENSIVO,PAIC8AW00B,I.C.PARTINICO ARCHIMEDE/LA FATA,"VIALE DELLA REGIONE, 32",90047,PARTINICO,PAIC8AW00B@istruzione.it,0916467838
ISTITUTO COMPRENSIVO,PAIC8AX007,I.C. I. FLORIO - S. LORENZO -PA,"VIA F.PPO DI GIOVANNI, 88",90146,PALERMO,PAIC8AX007@istruzione.it,0916881777
ISTITUTO COMPRENSIVO,PAIC8AY003,I.C. MONTEGRAPPA /R. SANZIO-PA,VIA ERNESTO BASILE 170,90128,PALERMO,PAIC8AY003@istruzione.it,091484817
ISTITUTO COMPRENSIVO,PAIC8AZ00V,I.C. RUSSO / RACITI - PA,"VIA TINDARI , 52",90135,PALERMO,PAIC8AZ00V@istruzione.it,0916730533
ISTITUTO COMPRENSIVO,PAIC8BA00V,CARDUCCI GRAMSCI,VIA CLAUDIO TRAINA 4,90011,BAGHERIA,PAIC8BA00V@istruzione.it,091964430
ISTITUTO COMPRENSIVO,PAIC8BB00P,MANERI INGRASSIA-DON MILANI,"PASSAGGIO DEI PICCIOTTI, 3",90123,PALERMO,PAIC8BB00P@istruzione.it,091476364
ISTITUTO COMPRENSIVO,PAIC8BC00E,I.C. G. FALCONE - CARINI -,"CORSO UMBERTO PRIMO, N.8",90044,CARINI,PAIC8BC00E@istruzione.it,0918661302
ISTITUTO COMPRENSIVO,PAIC8BD00A,COLLESANO,VIA DELLA FIERA SNC,90016,COLLESANO,PAIC8BD00A@istruzione.it,0921664544
ISTITUTO SUPERIORE,PAIS00100T,IS G. UGDULENA,VIA DEL MAZZIERE,90018,TERMINI IMERESE,PAIS00100T@istruzione.it,0918145643
ISTITUTO SUPERIORE,PAIS00200N,MANDRALISCA,VIA MAESTRO VINCENZO PINTORNO N.27,90015,CEFALU',PAIS00200N@istruzione.it,0921421695
ISTITUTO SUPERIORE,PAIS004009,UGO MURSIA,"VIA TRATTATI DI ROMA, 6",90044,CARINI,PAIS004009@istruzione.it,0918660099
ISTITUTO SUPERIORE,PAIS00700R,IIS - LUIGI FAILLA TEDALDI,CONTRADA ROSARIO SNC,90013,CASTELBUONO,PAIS00700R@istruzione.it,0921671453
ISTITUTO SUPERIORE,PAIS00800L,EMANUELE BASILE - MARIO D'ALEO,"VIA BIAGIO GIORDANO, 14",90046,MONREALE,PAIS00800L@istruzione.it,0916404450
ISTITUTO SUPERIORE,PAIS00900C,IS DON G. COLLETTO,VIA SALVATORE CUSIMANO S.N.C.,90034,CORLEONE,PAIS00900C@istruzione.it,0918464242
ISTITUTO SUPERIORE,PAIS01100C,I.I.S.S. LERCARA FRIDDI,VIALE PIETRO SCAGLIONE N.24,90025,LERCARA FRIDDI,PAIS01100C@istruzione.it,0918213969
ISTITUTO SUPERIORE,PAIS013004,IISS STENIO,VIA E.FERMI,90018,TERMINI IMERESE,PAIS013004@istruzione.it,0918145597
ISTITUTO SUPERIORE,PAIS01400X,DON CALOGERO DI VINCENTI,VIA SALERNO,90032,BISACQUINO,PAIS01400X@istruzione.it,0918351279
ISTITUTO SUPERIORE,PAIS01600G,"IS ""MAJORANA""",VIA ASTORINO 56,90146,PALERMO,PAIS01600G@istruzione.it,091518094
ISTITUTO SUPERIORE,PAIS01700B,G. SALERNO,VIA ROCCO CHINNICI S.N.,90024,GANGI,PAIS01700B@istruzione.it,0921501229
ISTITUTO SUPERIORE,PAIS018007,I.I.S. P. DOMINA PETRALIA SOTTANA,PIAZZA DOMINA 22,90027,PETRALIA SOTTANA,PAIS018007@istruzione.it,0921641013
ISTITUTO SUPERIORE,PAIS021003,ISTITUTO SUPERIORE DANILO DOLCI,VIA GOFFREDO MAMELI N. 4,90047,PARTINICO,PAIS021003@istruzione.it,0918901103
ISTITUTO SUPERIORE,PAIS02200V,JACOPO DEL DUCA - DIEGO BIANCA AMATO,VIA PIETRAGROSSA N. 68/70,90015,CEFALU',PAIS02200V@istruzione.it,0921421415
ISTITUTO SUPERIORE,PAIS02300P,F. FERRARA,VIA SGARLATA 11,90133,PALERMO,PAIS02300P@istruzione.it,091332721
ISTITUTO SUPERIORE,PAIS02400E,E. MEDI,"VIA LEONARDO DA VINCI, 364",90135,PALERMO,PAIS02400E@istruzione.it,091405108
ISTITUTO SUPERIORE,PAIS026006,ISTITUTO SUPERIORE STATALE MARIO RUTELLI,PIAZZALE GIANGIACOMO CIACCIO MONTALTO N.3,90131,PALERMO,PAIS026006@istruzione.it,0916684134
ISTITUTO SUPERIORE,PAIS027002,A. VOLTA,PASSAGGIO DEI PICCIOTTI 1,90123,PALERMO,PAIS027002@istruzione.it,0916494211
ISTITUTO SUPERIORE,PAIS02800T,E ASCIONE,VIA CENTURIPE 11,90135,PALERMO,PAIS02800T@istruzione.it,0916734888
ISTITUTO SUPERIORE,PAIS02900N,DUCA ABRUZZI - LIBERO GRASSI,VIA FAZIO N. 1,90143,PALERMO,PAIS02900N@istruzione.it,091547003
ISTITUTO SUPERIORE,PAIS03200D,DAMIANI ALMEYDA - FRANCESCO CRISPI,"LARGO MARIO MINEO,14",90145,PALERMO,PAIS03200D@istruzione.it,0916822774
ISTITUTO SUPERIORE,PAIS033009,V.RAGUSA E OTAMA KIYOHARA - F.PARLATORE,"P.ZZA G. TURBA, 71",90129,PALERMO,PAIS033009@istruzione.it,091486092
ISTITUTO SUPERIORE,PAIS034005,ISTITUTO SUPERIORE O.M.CORBINO PARTINICO,VIA VERONA N.2,90047,PARTINICO,PAIS034005@istruzione.it,0918902015
ISTITUTO SUPERIORE,PAIS03600R,"I.I.S.S. "" GIOENI -  TRABIA ""","VIA VITTORIO EMANUELE , 27",90133,PALERMO,PAIS03600R@istruzione.it,091585089
ISTITUTO SUPERIORE,PAIS03700L,L.EINAUDI-PARETO,VIA BRIGATA VERONA 5,90144,PALERMO,PAIS03700L@istruzione.it,091515921
ISTITUTO SUPERIORE,PAIS03800C,PIO LA TORRE,VIA NINA SICILIANA N. 22,90135,PALERMO,PAIS03800C@istruzione.it,0916521539
ISTITUTO SUPERIORE,PAIS039008,I.I.S. G. D'ALESSANDRO,VIA S. IGNAZIO DI LOYOLA,90011,BAGHERIA,PAIS039008@istruzione.it,091962583
ISTITUTO SUPERIORE,PAIS041008,F.PAOLO CASCINO (EX III ALBERGH),"VIA FATTORI, 60",90146,PALERMO,PAIS041008@istruzione.it,0916701243
SCUOLA PRIMO GRADO,PAMM00700N,CESAREO G.A.,"VIA G. PARATORE,36",90124,PALERMO,PAMM00700N@istruzione.it,091444700
SCUOLA PRIMO GRADO,PAMM01500L,S.M.S.  RAIMONDO FRANCHETTI,VIALE AMEDEO D'AOSTA N.52/54,90123,PALERMO,PAMM01500L@istruzione.it,0916214041
SCUOLA PRIMO GRADO,PAMM01900X,LEONARDO DA VINCI,"VIA SERRADIFALCO,190",90145,PALERMO,PAMM01900X@istruzione.it,0916814341
SCUOLA PRIMO GRADO,PAMM02300G,PECORARO ANTONINO,PIAZZA EUROPA 110,90146,PALERMO,PAMM02300G@istruzione.it,091518848
SCUOLA PRIMO GRADO,PAMM03600N,SCUOLA SEC. DI 1? V.E. ORLANDO,VIA LUSSEMBURGO 103,90146,PALERMO,PAMM03600N@istruzione.it,091517873
SCUOLA PRIMO GRADO,PAMM041005,GRAMSCI ANTONIO,"VIA G.LA LOGGIA,214",90129,PALERMO,PAMM041005@istruzione.it,0916572226
SCUOLA PRIMO GRADO,PAMM05000X,PUBLIO VIRGILIO MARONE,"VIA VALDEMONE, 7",90144,PALERMO,PAMM05000X@istruzione.it,091511018
SCUOLA PRIMO GRADO,PAMM06400T,SMS SCIANNA C.,"VIA DE SPUCHES, 4",90011,BAGHERIA,PAMM06400T@istruzione.it,091943017
SCUOLA PRIMO GRADO,PAMM09900R,MISILMERI-GUASTELLA C.,VIA ETTORE MAJORANA - C.DA GABATUTTI,90036,MISILMERI,PAMM09900R@istruzione.it,0918731154
SCUOLA PRIMO GRADO,PAMM12600X,VILLABATE-PALUMBO P.,VIA G. TOMASI DI LAMPEDUSA SNC,90039,VILLABATE,PAMM12600X@istruzione.it,0916142456
SCUOLA PRIMO GRADO,PAMM138006,BORGESE-XXVII MAGGIO,"PIAZZA CONTARDO FERRINI,13",90146,PALERMO,PAMM138006@istruzione.it,0916713244
CPIA,PAMM15600Q,CPIA PALERMO 2,SALITA SAN GIROLAMO,90018,TERMINI IMERESE,PAMM15600Q@istruzione.it,0918128433
CPIA,PAMM15700G,CPIA PALERMO 1,VIA DELL'USIGNOLO N.5,90125,PALERMO,PAMM15700G@istruzione.it,0916478452
LICEO CLASSICO,PAPC01000V,LICEO GINNASIO DI STATO (F. SCADUTO),VIA DANTE 22,90011,BAGHERIA,PAPC01000V@istruzione.it,091961359
LICEO CLASSICO,PAPC030004,MELI,"VIA S.ALDISIO,2",90146,PALERMO,PAPC030004@istruzione.it,00916884720
LICEO CLASSICO,PAPC04000P,GARIBALDI,VIA CANONICO ROTOLO,90143,PALERMO,PAPC04000P@istruzione.it,091589624
LICEO CLASSICO,PAPC09000Q,UMBERTO I,VIA FILIPPO PARLATORE 26 C,90145,PALERMO,PAPC09000Q@istruzione.it,0916817263
LICEO CLASSICO,PAPC11000Q,VITTORIO EMANUELE II,VIA SIMONE DA BOLOGNA 11,90134,PALERMO,PAPC11000Q@istruzione.it,091581942
ISTITUTO MAGISTRALE,PAPM010003,FINOCCHIARO APRILE,VIA CILEA,90144,PALERMO,PAPM010003@istruzione.it,091343509
ISTITUTO MAGISTRALE,PAPM02000N,DE COSMI,VIA LEONARDO RUGGERI 15,90135,PALERMO,PAPM02000N@istruzione.it,091402581
ISTITUTO MAGISTRALE,PAPM04000V,IM REGINA MARGHERITA,PIAZZETTA S. SALVATORE 1,90134,PALERMO,PAPM04000V@istruzione.it,091334424
ISTITUTO MAGISTRALE,PAPM07000P,"LICEO SCIENZE UMANE E LING. ""D. DOLCI""",VIA FICHIDINDIA,90124,PALERMO,PAPM07000P@istruzione.it,0916307454
ISTITUTO MAGISTRALE,PAPM100009,NINNI CASSARA,VIA DON ORIONE 44,90142,PALERMO,PAPM100009@istruzione.it,091545307
ISTITUTO MAGISTRALE,PAPM12000E,ISTITUTO MAGISTRALE DI CACCAMO,LARGO PIETRO SPICA,90012,CACCAMO,PAPM12000E@istruzione.it,
LICEO SCIENTIFICO,PAPS010002,GALILEI,VIA DANIMARCA 54,90146,PALERMO,PAPS010002@istruzione.it,091515231
LICEO SCIENTIFICO,PAPS02000L,"LICEO SCIENTIFICO STATALE ""S.CANNIZZARO""",VIA GEN. ARIMONDI 14,90143,PALERMO,PAPS02000L@istruzione.it,091347266
LICEO SCIENTIFICO,PAPS05000C,ALBERT EINSTEIN,VIA A. VIVALDI N 60,90145,PALERMO,PAPS05000C@istruzione.it,0916823640
LICEO SCIENTIFICO,PAPS060003,ERNESTO BASILE,VIA SAN CIRO 23,90124,PALERMO,PAPS060003@istruzione.it,0916302800
LICEO SCIENTIFICO,PAPS080008,LS SANTI SAVARINO,C/DA TURRISI S.N.,90047,PARTINICO,PAPS080008@istruzione.it,0918780462
LICEO SCIENTIFICO,PAPS100008,BENEDETTO CROCE,VIA BENFRATELLI 4,90134,PALERMO,PAPS100008@istruzione.it,0916512200
LICEO SCIENTIFICO,PAPS24000G,LICEO SCIENTIFICO STATALE NICOLO'PALMERI,PIAZZA G. SANSONE 12,90018,TERMINI IMERESE,PAPS24000G@istruzione.it,0918144145
IST PROF PER I SERVIZI ALBERGHIERI E RISTORAZIONE,PARH01000Q,P.BORSELLINO,PIAZZETTA G. BELLISSIMA 3,90133,PALERMO,PARH01000Q@istruzione.it,0916710933
IST PROF PER I SERVIZI ALBERGHIERI E RISTORAZIONE,PARH02000A,"I.P.S.S.E.O.A. ""PIETRO PIAZZA""",CORSO DEI MILLE N. 181,90123,PALERMO,PARH02000A@istruzione.it,0916101012
IST PROF INDUSTRIA E ARTIGIANATO,PARI010007,S.D'ACQUISTO BAGHERIA,"VIA CONSOLARE, 111",90011,BAGHERIA,PARI010007@istruzione.it,091903070
LICEO ARTISTICO,PASL01000V,"LICEO ARTISTICO STATALE  "" E. CATALANO """,VIA A. LA MARMORA N. 66,90143,PALERMO,PASL01000V@istruzione.it,091342074
ISTITUTO TECNICO COMMERCIALE,PATD050008,DON LUIGI STURZO,VIA SANT'IGNAZIO DI LOYOLA 7,90011,BAGHERIA,PATD050008@istruzione.it,091931656
IST TEC COMMERCIALE E PER GEOMETRI,PATD09000P,CARLO ALBERTO DALLA CHIESA,CORSO DEI MILLE 517,90047,PARTINICO,PATD09000P@istruzione.it,0918781948
ISTITUTO TECNICO INDUSTRIALE,PATF030009,ITI VITTORIO EMANUELE III,VIA DUCA DELLA VERDURA 48,90143,PALERMO,PATF030009@istruzione.it,091307922
ISTITUTO TECNICO PER IL TURISMO,PATN01000Q,MARCO POLO,VIA UGO LA MALFA 113,90146,PALERMO,PATN01000Q@istruzione.it,0916886878
CONVITTO NAZIONALE,PAVC010006,GIOVANNI FALCONE,PIAZZA SETT'ANGELI 3,90134,PALERMO,PAVC010006@istruzione.it,0916118916
EDUCANDATO,PAVE010005,EDUCANDATO STATALE MARIA ADELAIDE,"CORSO CALATAFIMI, 86",90129,PALERMO,PAVE010005@istruzione.it,0916572233
DIREZIONE DIDATTICA,RGEE004002,PALAZZELLO,VIA MONTE CERVINO,97100,RAGUSA,RGEE004002@istruzione.it,0932080636
DIREZIONE DIDATTICA,RGEE009005,MARIELE VENTRE,VIA PICCININI S.N.,97100,RAGUSA,RGEE009005@istruzione.it,0932252060
DIREZIONE DIDATTICA,RGEE011005,PAOLO VETRI,VIA DELLE PALME 13,97100,RAGUSA,RGEE011005@istruzione.it,0932228151
DIREZIONE DIDATTICA,RGEE01400L,PRIMO CIRCOLO COMISO  DE AMICIS,VIA DEGLI STUDI N.22,97013,COMISO,RGEE01400L@istruzione.it,0932961655
DIREZIONE DIDATTICA,RGEE02100Q,PIANO GESU',VIA PASCOLI 9,97015,MODICA,RGEE02100Q@istruzione.it,0932943258
DIREZIONE DIDATTICA,RGEE02600V,POZZALLO CIRCOLO DIDATTICO,VIA ISOLE FILIPPINE SNC,97016,POZZALLO,RGEE02600V@istruzione.it,0932956450
DIREZIONE DIDATTICA,RGEE03500N,VITTORIA QUARTO CIRCOLO,"VIA EMANUELA LOI, 21",97019,VITTORIA,RGEE03500N@istruzione.it,0932984478
ISTITUTO COMPRENSIVO,RGIC80100C,IST. COMP. LUIGI CAPUANA,P.ZZA MARTIRI D'UNGHERIA N.4,97010,GIARRATANA,RGIC80100C@istruzione.it,0932974383
ISTITUTO COMPRENSIVO,RGIC802008,LEONARDO SCIASCIA,VIA MALFA' 32,97010,VITTORIA,RGIC802008@istruzione.it,09321836028
ISTITUTO COMPRENSIVO,RGIC80500Q,"IST. COMPR. ""GESUALDO BUFALINO""","VIA SALSO, 40",97013,COMISO,RGIC80500Q@istruzione.it,0932729113
ISTITUTO COMPRENSIVO,RGIC80600G,S.A.GUASTELLA,CORSO EUROPA 1,97012,CHIARAMONTE GULFI,RGIC80600G@istruzione.it,0932922021
ISTITUTO COMPRENSIVO,RGIC80700B,LEONARDO DA  VINCI,CORSO UMBERTO 88,97014,ISPICA,RGIC80700B@istruzione.it,0932950050
ISTITUTO COMPRENSIVO,RGIC809003,S. MARTA - E. CIACERI,"VIA VITTORIO VENETO, 9",97015,MODICA,RGIC809003@istruzione.it,0932941968
ISTITUTO COMPRENSIVO,RGIC810007,CARLO AMORE,"PIAZZA CARMELO OTTAVIANO, S.N.",97015,MODICA,RGIC810007@istruzione.it,0932774033
ISTITUTO COMPRENSIVO,RGIC811003,ANTONIO AMORE,VIALE PAPA GIOVANNI XXIII,97016,POZZALLO,RGIC811003@istruzione.it,0932957612
ISTITUTO COMPRENSIVO,RGIC81200V,I.C. DON LORENZO MILANI,VIA BIANCOSPINO,97018,SCICLI,RGIC81200V@istruzione.it,0932832609
ISTITUTO COMPRENSIVO,RGIC81300P,ELIO VITTORINI,VIA ALLENDE - DONNALUCATA,97018,SCICLI,RGIC81300P@istruzione.it,0932930052
ISTITUTO COMPRENSIVO,RGIC81400E,PSAUMIDE CAMARINENSE,"PIAZZA DEGLI STUDI, 3",97017,SANTA CROCE CAMERINA,RGIC81400E@istruzione.it,0932825199
ISTITUTO COMPRENSIVO,RGIC81500A,SAN BIAGIO,"P.ZZA G. BRUNO, 9",97019,VITTORIA,RGIC81500A@istruzione.it,3666366977
ISTITUTO COMPRENSIVO,RGIC816006,G. VERGA,"VIA ROMA, SN",97013,COMISO,RGIC816006@istruzione.it,0932961233
ISTITUTO COMPRENSIVO,RGIC81800T,G. ROGASI,CORSO VITTORIO VENETO 36,97016,POZZALLO,RGIC81800T@istruzione.it,0932953147
ISTITUTO COMPRENSIVO,RGIC82000T,BERLINGUER,VIA BERLINGUER,97100,RAGUSA,RGIC82000T@istruzione.it,0932248462
ISTITUTO COMPRENSIVO,RGIC82200D,FRANCESCO CRISPI,"VIA V.E.ORLANDO,7",97100,RAGUSA,RGIC82200D@istruzione.it,0932621053
ISTITUTO COMPRENSIVO,RGIC824005,MARIA SCHININA',VIA CANOVA,97100,RAGUSA,RGIC824005@istruzione.it,0932247764
ISTITUTO COMPRENSIVO,RGIC825001,RAFFAELE POIDOMANI,"VIA RESISTENZA PARTIGIANA,165",97015,MODICA,RGIC825001@istruzione.it,0932454895
ISTITUTO COMPRENSIVO,RGIC82600R,GIOVANNI DANTONI,"VIA PERASSO, 2",97018,SCICLI,RGIC82600R@istruzione.it,0932831464
ISTITUTO COMPRENSIVO,RGIC82700L,FRANCESCO PAPPALARDO,VIA G. DI VITTORIO S.N.,97019,VITTORIA,RGIC82700L@istruzione.it,0932519033
ISTITUTO COMPRENSIVO,RGIC82800C,FILIPPO TRAINA,"VIA CACCIATORI DELLE ALPI, N^401",97019,VITTORIA,RGIC82800C@istruzione.it,0932802071
ISTITUTO COMPRENSIVO,RGIC829008,PORTELLA DELLA GINESTRA,"VIA G. PASCOLI, 27",97019,VITTORIA,RGIC829008@istruzione.it,0932864594
ISTITUTO COMPRENSIVO,RGIC83000C,PADRE PIO DA PIETRELCINA,VIA VITTORIO VENETO N. 79,97014,ISPICA,RGIC83000C@istruzione.it,0932793318
ISTITUTO COMPRENSIVO,RGIC831008,S. QUASIMODO,VIA FIERAMOSCA 39,97100,RAGUSA,RGIC831008@istruzione.it,0932256856
ISTITUTO COMPRENSIVO,RGIC832004,CAP. PUGLISI,"VIA DUCA D'AOSTA, 91",97011,ACATE,RGIC832004@istruzione.it,09321831965
ISTITUTO COMPRENSIVO,RGIC83300X,I.C. VANN'ANTO',VIA LEONCAVALLO N? 3,97100,RAGUSA,RGIC83300X@istruzione.it,0932622397
ISTITUTO COMPRENSIVO,RGIC83400Q,"I.C. ""GIOVANNI XXIII - COLONNA""","VIA MILANO, N. 21",97019,VITTORIA,RGIC83400Q@istruzione.it,0932981180
ISTITUTO COMPRENSIVO,RGIC83500G,GIUSEPPE CARUANO,"VIA FILIPPO MORGANTE, 35",97019,VITTORIA,RGIC83500G@istruzione.it,0932992881
ISTITUTO COMPRENSIVO,RGIC83600B,LUIGI PIRANDELLO,VIALE DELLA RESISTENZA 51,97013,COMISO,RGIC83600B@istruzione.it,0932961245
ISTITUTO COMPRENSIVO,RGIC837007,GIACOMO ALBO - GIOVANNI XXIII',VIA FURIO CAMILLO 40,97015,MODICA,RGIC837007@istruzione.it,0932780275
ISTITUTO SUPERIORE,RGIS00200C,GAETANO CURCIO,VIA ANDREOLI N. 2,97014,ISPICA,RGIS00200C@istruzione.it,0932950024
ISTITUTO SUPERIORE,RGIS003008,GIOSUE' CARDUCCI,VIA ROMA,97013,COMISO,RGIS003008@istruzione.it,0932961666
ISTITUTO SUPERIORE,RGIS004004,GIOVANNI VERGA,PIAZZA BADEN POWELL 1,97015,MODICA,RGIS004004@istruzione.it,0932903462
ISTITUTO SUPERIORE,RGIS00600Q,GIORGIO LA PIRA,VIA E. GIUNTA N. 5,97016,POZZALLO,RGIS00600Q@istruzione.it,0932953326
ISTITUTO SUPERIORE,RGIS00800B,QUINTINO CATAUDELLA,"VIALE DEI FIORI, 13 - SCICLI",97018,SCICLI,RGIS00800B@istruzione.it,0932831962
ISTITUTO SUPERIORE,RGIS012003,G.MARCONI.,PIAZZA GRAMSCI 4,97019,VITTORIA,RGIS012003@istruzione.it,0932981481
ISTITUTO SUPERIORE,RGIS01300V,GALILEO FERRARIS,"VIA NICCOLO' TOMMASEO,5",97100,RAGUSA,RGIS01300V@istruzione.it,0932252860
ISTITUTO SUPERIORE,RGIS01400P,GIUSEPPE MAZZINI,VIA CURTATONE S.N.,97019,VITTORIA,RGIS01400P@istruzione.it,0932985170
ISTITUTO SUPERIORE,RGIS01600A,"I.I.S ""GALILEI-CAMPAILLA""",PIAZZALE BADEN POWELL N.10,97015,MODICA,RGIS01600A@istruzione.it,0932764379
ISTITUTO SUPERIORE,RGIS017006,ENRICO FERMI,VIA COMO N.435,97019,VITTORIA,RGIS017006@istruzione.it,0932984360
ISTITUTO SUPERIORE,RGIS018002,G.B. VICO - UMBERTO I - R. GAGLIARDI,VIALE DEI PLATANI N.180,97100,RAGUSA,RGIS018002@istruzione.it,0932255474
ISTITUTO SUPERIORE,RGIS02100T,ARCHIMEDE,VIA FABRIZIO 10,97015,MODICA,RGIS02100T@istruzione.it,0932904012
CPIA,RGMM07700P,C.P.I.A. RAGUSA,VIA GIORDANO BRUNO S.N.,97100,RAGUSA,RGMM07700P@istruzione.it,0932675847
LICEO SCIENTIFICO,RGPS01000R,FERMI,V.LE EUROPA,97100,RAGUSA,RGPS01000R@istruzione.it,0932251136
IST PROF PER I SERVIZI ALBERGHIERI E RISTORAZIONE,RGRH020005,PRINCIPI GRIMALDI,VIALE DEGLI OLEANDRI 19,97015,MODICA,RGRH020005@istruzione.it,0932762991
ISTITUTO TECNICO COMMERCIALE,RGTD03000T,F. BESTA,VIA ALDO MORO N. 2,97100,RAGUSA,RGTD03000T@istruzione.it,0932255564
DIREZIONE DIDATTICA,SREE01300N,"I C.D. ""E. DE AMICIS"" AVOLA","VIALE LIDO, 3",96012,AVOLA,SREE01300N@istruzione.it,0931318802
ISTITUTO COMPRENSIVO,SRIC801009,II I.C. FALCONE-BORSELLINO SR,"VIA DELLA MADONNA, 51",96010,SIRACUSA,SRIC801009@istruzione.it,0931719485
ISTITUTO COMPRENSIVO,SRIC802005,"IV I.C. ""G. VERGA"" SIRACUSA","VIA MADRE TERESA DI CALCUTTA, 10",96100,SIRACUSA,SRIC802005@istruzione.it,0931705215
ISTITUTO COMPRENSIVO,SRIC80500L,"I.C. ""N. MARTOGLIO"" SIRACUSA","VIA MONS. CARACCIOLO, 2",96100,SIRACUSA,SRIC80500L@istruzione.it,0931493439
ISTITUTO COMPRENSIVO,SRIC80600C,VII I.C. G.A. COSTANZO SIRACUSA,"VIALE SANTA PANAGIA, 162",96100,SIRACUSA,SRIC80600C@istruzione.it,0931758333
ISTITUTO COMPRENSIVO,SRIC807008,"XI I.C. ""ARCHIA"" SIRACUSA","VIA MONTE TOSA, 1",96100,SIRACUSA,SRIC807008@istruzione.it,0931740011
ISTITUTO COMPRENSIVO,SRIC808004,"XII I.C. ""V. BRANCATI"" SIRACUSA","PIAZZA EURIALO, 16",96100,SIRACUSA,SRIC808004@istruzione.it,0931744736
ISTITUTO COMPRENSIVO,SRIC80900X,XV  I.C.  P. ORSI  SIRACUSA,"PIAZZA DELLA REPUBBLICA, 15",96100,SIRACUSA,SRIC80900X@istruzione.it,093168350
ISTITUTO COMPRENSIVO,SRIC810004,"XVI I.C. ""S. CHINDEMI"" SIRACUSA","VIA BASILICATA, 1",96100,SIRACUSA,SRIC810004@istruzione.it,0931411817
ISTITUTO COMPRENSIVO,SRIC81100X,"XIV I.C. ""K. WOJTYLA"" SIRACUSA","VIA TUCIDIDE, 5",96100,SIRACUSA,SRIC81100X@istruzione.it,093137234
ISTITUTO COMPRENSIVO,SRIC81200Q,"X I.C. "" E. GIARACA' "" SIRACUSA","VIA GELA, 22",96100,SIRACUSA,SRIC81200Q@istruzione.it,0931754888
ISTITUTO COMPRENSIVO,SRIC81300G,"XIII I.C.""ARCHIMEDE"" SIRACUSA","VIA CADUTI DI NASSIRIYA, 3",96100,SIRACUSA,SRIC81300G@istruzione.it,0931493437
ISTITUTO COMPRENSIVO,SRIC81400B,"II I.C. ""O. M. CORBINO"" AUGUSTA",VIA E. CORBINO 50,96011,AUGUSTA,SRIC81400B@istruzione.it,0931997800
ISTITUTO COMPRENSIVO,SRIC816003,I I.C. VERGA  CANICATTINI BAGNI,"VIA UMBERTO, 341",96010,CANICATTINI BAGNI,SRIC816003@istruzione.it,0931945134
ISTITUTO COMPRENSIVO,SRIC81700V,"I I.C. ""E. VITTORINI"" SOLARINO","VIA SOLFERINO,70",96010,SOLARINO,SRIC81700V@istruzione.it,0931921002
ISTITUTO COMPRENSIVO,SRIC81900E,"I.C. ""CARLO V"" CARLENTINI","VIA DELLO STADIO, 32",96013,CARLENTINI,SRIC81900E@istruzione.it,095993791
ISTITUTO COMPRENSIVO,SRIC82100E,"I I.C. ""E. DE AMICIS""  FLORIDIA","VIA DE AMICIS, 1",96014,FLORIDIA,SRIC82100E@istruzione.it,0931941753
ISTITUTO COMPRENSIVO,SRIC823006,"I I.C. ""PIRANDELLO"" CARLENTINI","VIA P. NENNI, 3",96013,CARLENTINI,SRIC823006@istruzione.it,0957832690
ISTITUTO COMPRENSIVO,SRIC824002,"IV I.C. ""QUASIMODO"" FLORIDIA","VIALE VITTORIO VENETO, 92",96014,FLORIDIA,SRIC824002@istruzione.it,0931941385
ISTITUTO COMPRENSIVO,SRIC82500T,"II I.C. ""A. VOLTA"" FLORIDIA","VIA COLOMBO, 30",96014,FLORIDIA,SRIC82500T@istruzione.it,0931941086
ISTITUTO COMPRENSIVO,SRIC828009,"III I.C. ""S. LUCIA"" SIRACUSA","VIALE TEOCRITO, 63",96100,SIRACUSA,SRIC828009@istruzione.it,093160376
ISTITUTO COMPRENSIVO,SRIC829005,VIII I.C. E. VITTORINI SIRACUSA,"VIA REGIA CORTE, 15",96100,SIRACUSA,SRIC829005@istruzione.it,093137085
ISTITUTO COMPRENSIVO,SRIC830009,"III I.C. ""S. TODARO"" AUGUSTA",VIA GRAMSCI SNC,96011,AUGUSTA,SRIC830009@istruzione.it,0931993733
ISTITUTO COMPRENSIVO,SRIC831005,"IV I.C. ""D. COSTA"" AUGUSTA",VIA GIUSEPPE DI VITTORIO 23,96011,AUGUSTA,SRIC831005@istruzione.it,0931992088
ISTITUTO COMPRENSIVO,SRIC83300R,"II I.C. ""G. BIANCA"" AVOLA","VIA DANIELE MANIN, 47",96012,AVOLA,SRIC83300R@istruzione.it,0931831213
ISTITUTO COMPRENSIVO,SRIC83400L,"III I.C. ""L. CAPUANA"" AVOLA",VIALE SANTUCCIO S.N.,96012,AVOLA,SRIC83400L@istruzione.it,0931834350
ISTITUTO COMPRENSIVO,SRIC836008,"I I.C. ""V. VENETO"" LENTINI",VIA PIAVE S.N.,96016,LENTINI,SRIC836008@istruzione.it,0957832211
ISTITUTO COMPRENSIVO,SRIC837004,"I  I.C. ""P. DI NAPOLI"" AUGUSTA","VIA STRAZZULLA, 10",96011,AUGUSTA,SRIC837004@istruzione.it,0931976300
ISTITUTO COMPRENSIVO,SRIC83800X,I.C. R. DA LENTINI -LENTINI,"VIA FOCEA, 3/5",96016,LENTINI,SRIC83800X@istruzione.it,0958133110
ISTITUTO COMPRENSIVO,SRIC84000X,"I I.C. ""G. E. RIZZO""  MELILLI","VIA G. MATTEOTTI, 41",96010,MELILLI,SRIC84000X@istruzione.it,0931551782
ISTITUTO COMPRENSIVO,SRIC84100Q,"III I.C. ""G. VERGA"" PACHINO- SR","VIALE ALDO MORO,151",96018,PACHINO,SRIC84100Q@istruzione.it,0931595715
ISTITUTO COMPRENSIVO,SRIC844007,"II  I.C. ""A. MANZONI"" PRIOLO G.","VIA A. DE GASPERI, 17",96010,PRIOLO GARGALLO,SRIC844007@istruzione.it,0931769032
ISTITUTO COMPRENSIVO,SRIC845003,"I I.C. ""D. DOLCI"" PRIOLO G.",LARGO SCUOLE,96010,PRIOLO GARGALLO,SRIC845003@istruzione.it,0931767763
ISTITUTO COMPRENSIVO,SRIC84600V,"I I.C. ""G.M. COLUMBA"" SORTINO","VIA RISORGIMENTO, 1",96010,SORTINO,SRIC84600V@istruzione.it,0931954590
ISTITUTO COMPRENSIVO,SRIC84800E,I.C. S. ALESSANDRA ROSOLINI,VIA S. ALESSANDRA,96019,ROSOLINI,SRIC84800E@istruzione.it,0931855260
ISTITUTO COMPRENSIVO,SRIC85000E,I.C. E. DE CILLIS ROSOLINI,"VIA RAPISARDI, 25",96019,ROSOLINI,SRIC85000E@istruzione.it,0931855460
ISTITUTO COMPRENSIVO,SRIC85100A,"I.C. ""F. D'AMICO"" ROSOLINI",VIA S. PITINO S.N.,96019,ROSOLINI,SRIC85100A@istruzione.it,0931856582
ISTITUTO COMPRENSIVO,SRIC852006,"IV I.C. ""G. MARCONI"" LENTINI",VIA FEDERICO DI SVEVIA SN,96016,LENTINI,SRIC852006@istruzione.it,095901019
ISTITUTO COMPRENSIVO,SRIC853002,"I I.C. ""SILVIO PELLICO"" PACHINO","VIA CIRINNA', 4",96018,PACHINO,SRIC853002@istruzione.it,0931801226
ISTITUTO COMPRENSIVO,SRIC85400T,I I.C. V. MESSINA PALAZZOLO A.,"PIAZZA UMBERTO I, 11",96010,PALAZZOLO ACREIDE,SRIC85400T@istruzione.it,0931881166
ISTITUTO COMPRENSIVO,SRIC85500N,"IV I.C. ""V. BRANCATI"" PACHINO","VIA TAFURI, S.N.",96018,PACHINO,SRIC85500N@istruzione.it,0931846101
ISTITUTO COMPRENSIVO,SRIC85600D,"II I.C. ""G. MELODIA"" NOTO","VIA GIORDANO BRUNO, 22",96017,NOTO,SRIC85600D@istruzione.it,0931835052
ISTITUTO COMPRENSIVO,SRIC858005,"TERZO  I.C. ""F. MAIORE"" -  NOTO",VIA ROMA S.N.,96017,NOTO,SRIC858005@istruzione.it,0931835801
ISTITUTO COMPRENSIVO,SRIC859001,"IV I.C. ""G. AURISPA"" NOTO","VIA ORAZIO BACCI, 1",96017,NOTO,SRIC859001@istruzione.it,0931836975
ISTITUTO COMPRENSIVO,SRIC861001,"I.C.  ""S. RAITI""   SIRACUSA","VIA PORDENONE, 2",96100,SIRACUSA,SRIC861001@istruzione.it,093167426
ISTITUTO COMPRENSIVO,SRIC86200R,"I.C.  ""G. LOMBARDO RADICE"" SR","VIA ARCHIA, 46",96100,SIRACUSA,SRIC86200R@istruzione.it,093167682
ISTITUTO COMPRENSIVO,SRIC86300L,II IC D. ALIGHIERI FRANCOFONTE,PIAZZA DANTE ALIGHIERI,96015,FRANCOFONTE,SRIC86300L@istruzione.it,095948186
ISTITUTO COMPRENSIVO,SRIC86400C,"I.C. ""VALLE DELL'ANAPO""",VIA PESSINA S.N.C.,96010,FERLA,SRIC86400C@istruzione.it,0931870135
ISTITUTO SUPERIORE,SRIS003005,IST.ISTR.SUPERIORE PALAZZOLO ACREIDE,"VIA ANTONINO UCCELLO, SNC",96010,PALAZZOLO ACREIDE,SRIS003005@istruzione.it,0931882325
ISTITUTO SUPERIORE,SRIS004001,FILADELFO INSOLERA,VIA MODICA N.66,96100,SIRACUSA,SRIS004001@istruzione.it,0931493933
ISTITUTO SUPERIORE,SRIS00600L,"IST. PROF. DI STATO ""A.MONCADA"" LENTINI","VIA G. TRINGALI, S.N.",96016,LENTINI,SRIS00600L@istruzione.it,095905532
ISTITUTO SUPERIORE,SRIS00700C,"""ALAIMO"" LENTINI","VIA RICCARDO DA LENTINI, 89/B",96016,LENTINI,SRIS00700C@istruzione.it,0957835544
ISTITUTO SUPERIORE,SRIS009004,AUGUSTA,"VIA CATANIA, 83",96011,AUGUSTA,SRIS009004@istruzione.it,0931991894
ISTITUTO SUPERIORE,SRIS011004,"""PIER LUIGI NERVI"" LENTINI",VIA R. DA LENTINI 89,96016,LENTINI,SRIS011004@istruzione.it,095901808
ISTITUTO SUPERIORE,SRIS01400G,MICHELANGELO BARTOLO,VIALE ALDO MORO S.N.,96018,PACHINO,SRIS01400G@istruzione.it,0931593596
ISTITUTO SUPERIORE,SRIS016007,MATTEO RAELI,VIA MATTEO RAELI 9,96017,NOTO,SRIS016007@istruzione.it,0931835607
ISTITUTO SUPERIORE,SRIS017003,"""ARCHIMEDE""  ROSOLINI",VIA SIPIONE 147,96019,ROSOLINI,SRIS017003@istruzione.it,0931502286
ISTITUTO SUPERIORE,SRIS02100P,PAOLO CALLERI,VIALE FORTUNA SNC,96018,PACHINO,SRIS02100P@istruzione.it,0931841272
ISTITUTO SUPERIORE,SRIS02200E,"I.I.S.S. LICEO ARTISTICO  ""A GAGINI""","VIA PIAZZA ARMERINA,1",96100,SIRACUSA,SRIS02200E@istruzione.it,0931413282
ISTITUTO SUPERIORE,SRIS02300A,"I.I.S.S  ""MAJORANA""","VIA LABRIOLA,1",96012,AVOLA,SRIS02300A@istruzione.it,0931831970
ISTITUTO SUPERIORE,SRIS024006,A. RIZZA,VIALE A. DIAZ 12,96100,SIRACUSA,SRIS024006@istruzione.it,093168075
ISTITUTO SUPERIORE,SRIS02800D,"""ELIO VITTORINI"" LENTINI",VIA RICCARDO DA LENTINI 89,96016,LENTINI,SRIS02800D@istruzione.it,095901969
ISTITUTO SUPERIORE,SRIS029009,L. EINAUDI,VIA CANONICO NUNZIO AGNELLO S.N.,96100,SIRACUSA,SRIS029009@istruzione.it,093138043
CPIA,SRMM07100L,"CPIA ""ALBERTO MANZI"" - SIRACUSA",VIA MONSIGNOR CARACCIOLO N? 2,96100,SIRACUSA,SRMM07100L@istruzione.it,0931496900
LICEO CLASSICO,SRPC070006,MEGARA (SEZIONE SCIENTIFICA ANNESSA),"VIA STRAZZULLA, 10",96011,AUGUSTA,SRPC070006@istruzione.it,0931522024
LICEO CLASSICO,SRPC08000R,"""T. GARGALLO"" SIRACUSA",VIA LUIGI M. MONTI,96100,SIRACUSA,SRPC08000R@istruzione.it,0931490053
ISTITUTO MAGISTRALE,SRPM01000P,"8 I.I.S.S. ""M.F.QUINTILIANO""",VIA TISIA 49,96100,SIRACUSA,SRPM01000P@istruzione.it,0931411986
LICEO SCIENTIFICO,SRPS14000A,"L.S. E L. SC. UM.""O.M.CORBINO"" SIRACUSA",V.LE REG. MARGHERITA 16,96100,SIRACUSA,SRPS14000A@istruzione.it,093168072
LICEO SCIENTIFICO,SRPS150001,"""L.DA VINCI"" FLORIDIA",V.LE VITT.VENETO -C/DA SERRANTONE,96014,FLORIDIA,SRPS150001@istruzione.it,0931941756
IST PROF PER I SERVIZI ALBERGHIERI E RISTORAZIONE,SRRH040007,FEDERICO II DI SVEVIA,VIA POLIBIO N. 59,96100,SIRACUSA,SRRH040007@istruzione.it,0931417665
ISTITUTO TECNICO INDUSTRIALE,SRTF01000Q,E.FERMI,VIA TORINO N: 137,96100,SIRACUSA,SRTF01000Q@istruzione.it,0931463733
DIREZIONE DIDATTICA,TPEE00300V,"III CIRC. ""U.DI SAVOIA"" TRAPANI",VIA G.B. FARDELLA N.285,91100,TRAPANI,TPEE00300V@istruzione.it,0923540376
DIREZIONE DIDATTICA,TPEE00400P,"CIRC. ""G.MARCONI"" TRAPANI",VIALE 11 SETTEMBRE 2001,91100,TRAPANI,TPEE00400P@istruzione.it,0923539178
DIREZIONE DIDATTICA,TPEE01200N,"DIR. DID.  ""SAN GIOVANNI BOSCO""",VIA PIA OPERA PASTORE N.67,91011,ALCAMO,TPEE01200N@istruzione.it,3667888374
DIREZIONE DIDATTICA,TPEE02700B,"DIR. DID. II CIRC. ""R.SETTIMO""",VIA CADORNA N.14,91022,CASTELVETRANO,TPEE02700B@istruzione.it,0924904161
DIREZIONE DIDATTICA,TPEE03500A,"I? CIRCOLO  ""G. PASCOLI""- ERICE",VIA CASERTA N.54,91100,ERICE,TPEE03500A@istruzione.it,0923554688
DIREZIONE DIDATTICA,TPEE04600R,II CIRCOLO - CAVOUR - MARSALA,VIA CAVOUR 6,91025,MARSALA,TPEE04600R@istruzione.it,0923714421
DIREZIONE DIDATTICA,TPEE049008,"V?  CIRCOLO ""STRASATTI NUOVO""",VIA RE S.N.C.,91025,MARSALA,TPEE049008@istruzione.it,0923961396
DIREZIONE DIDATTICA,TPEE058003,III CIRCOLO B.BONSIGNORE MAZARA,VIA E. AMARI N.1,91026,MAZARA DEL VALLO,TPEE058003@istruzione.it,0923942810
DIREZIONE DIDATTICA,TPEE05900V,"IV CIRCOLO DIDATTICO ""G.QUINCI""",VIA G. BELLI N.1,91026,MAZARA DEL VALLO,TPEE05900V@istruzione.it,0923652578
DIREZIONE DIDATTICA,TPEE066002,"DIREZ. DID. ""ANGELO D'AIETTI""",CORSO UMBERTO I N.68,91017,PANTELLERIA,TPEE066002@istruzione.it,0923911167
ISTITUTO COMPRENSIVO,TPIC80500C,"I.C.  ""A. RALLO"" EX B.MINEO",VIA DANTE N.2,91023,FAVIGNANA,TPIC80500C@istruzione.it,0923921281
ISTITUTO COMPRENSIVO,TPIC806008,"I.C. ""GESUALDO NOSENGO""",VIA GIANINEA N. 34,91020,PETROSINO,TPIC806008@istruzione.it,0923985877
ISTITUTO COMPRENSIVO,TPIC807004,"I.C.  ""L.CAPUANA""",P.ZZA ALDO MORO S.N.C.,91029,SANTA NINFA,TPIC807004@istruzione.it,092461095
ISTITUTO COMPRENSIVO,TPIC80900Q,"I.C. ""LOMBARDO RADICE  E.FERMI""",VIA U. FOSCOLO S.N.C.,91015,CUSTONACI,TPIC80900Q@istruzione.it,0923971110
ISTITUTO COMPRENSIVO,TPIC81000X,"I.C.  ""N.NAVARRA"" ALCAMO",VIA J.F. KENNEDY N.1,91011,ALCAMO,TPIC81000X@istruzione.it,092421674
ISTITUTO COMPRENSIVO,TPIC81100Q,"I.C.  ""MARIA MONTESSORI""",VIALE ITALIA N.9,91011,ALCAMO,TPIC81100Q@istruzione.it,092421906
ISTITUTO COMPRENSIVO,TPIC81200G,"I.C.  ""P.M. ROCCA"" ALCAMO",PIAZZA LIBERTA' N.1,91011,ALCAMO,TPIC81200G@istruzione.it,092424345
ISTITUTO COMPRENSIVO,TPIC81300B,"I.C. ""F.VIVONA"" CALATAFIMI",CONTRADA SANTA MARIA S.N.C.,91013,CALATAFIMI-SEGESTA,TPIC81300B@istruzione.it,0924951311
ISTITUTO COMPRENSIVO,TPIC814007,"I.C.  ""G. PITRE - A. MANZONI""",VIA KENNEDY N.37,91014,CASTELLAMMARE DEL GOLFO,TPIC814007@istruzione.it,092431948
ISTITUTO COMPRENSIVO,TPIC815003,"I.C. ""CAPUANA-PARDO"" C/VETRANO",VIA CATULLO N.8,91022,CASTELVETRANO,TPIC815003@istruzione.it,0924901100
ISTITUTO COMPRENSIVO,TPIC81600V,"I.C ""ALCIDE DE GASPERI"" MARSALA",VIA FORNARA N.1,91025,MARSALA,TPIC81600V@istruzione.it,0923961292
ISTITUTO COMPRENSIVO,TPIC81700P,"I.C.   ""M.NUCCIO""",VIA SALEMI N.18,91025,MARSALA,TPIC81700P@istruzione.it,0923981319
ISTITUTO COMPRENSIVO,TPIC81800E,"I.C.""L. PIRANDELLO - S.G.BOSCO""",PIAZZA ADDOLORATA N.1,91021,CAMPOBELLO DI MAZARA,TPIC81800E@istruzione.it,092447674
ISTITUTO COMPRENSIVO,TPIC81900A,"I.C. ""G.PASCOLI - L.PIRANDELLO""",VIALE L. DA VINCI N.11,91014,CASTELLAMMARE DEL GOLFO,TPIC81900A@istruzione.it,092431586
ISTITUTO COMPRENSIVO,TPIC82000E,S. PELLEGRINO,C/DA PAOLINI,91025,MARSALA,TPIC82000E@istruzione.it,0923967140
ISTITUTO COMPRENSIVO,TPIC82100A,"I.C. ""LUIGI STURZO - ASTA""",VIA FALCONE 8,91025,MARSALA,TPIC82100A@istruzione.it,0923712353
ISTITUTO COMPRENSIVO,TPIC822006,"IC ""L.PIRANDELLO""-MAZARA DEL V.","VIA SALEMI, 179",91026,MAZARA DEL VALLO,TPIC822006@istruzione.it,0923941926
ISTITUTO COMPRENSIVO,TPIC82400T,"I.C.S  ""RITA LEVI-MONTALCINI""",VIA TRIESTE N.11,91028,PARTANNA,TPIC82400T@istruzione.it,092488327
ISTITUTO COMPRENSIVO,TPIC82500N,"IST.COM. ""L. BASSI -S.CATALANO""",VIA MARINELLA N.2,91100,TRAPANI,TPIC82500N@istruzione.it,092321329
ISTITUTO COMPRENSIVO,TPIC82600D,"I.C. ""GIUSEPPE MONTALTO""","VIA E. RINALDI, 156 - MARAUSA",91100,TRAPANI,TPIC82600D@istruzione.it,0923842662
ISTITUTO COMPRENSIVO,TPIC829001,"I.C. ""G.GARIBALDI - G.PAOLO II""",VIA SAN LEONARDO N.27,91018,SALEMI,TPIC829001@istruzione.it,0924982254
ISTITUTO COMPRENSIVO,TPIC831001,"I. C.  ""G. MAZZINI""  ERICE","VIA CESARO', 19",91016,ERICE,TPIC831001@istruzione.it,0923562997
ISTITUTO COMPRENSIVO,TPIC83300L,"I.C.  ""GIOVANNI XXIII"" PACECO",VIA M. GABRIELE ASARO S.N.C.,91027,PACECO,TPIC83300L@istruzione.it,0923881297
ISTITUTO COMPRENSIVO,TPIC83400C,"I.C.  ""S. BAGOLINO""  ALCAMO",VIA G. VERGA 34/D,91011,ALCAMO,TPIC83400C@istruzione.it,092422120
ISTITUTO COMPRENSIVO,TPIC835008,"I.C.  ""G.PAGOTO"" ERICE",VIA TIVOLI N.37,91100,ERICE,TPIC835008@istruzione.it,0923551599
ISTITUTO COMPRENSIVO,TPIC836004,"I.C.  ""G.G.CIACCIO MONTALTO""",VIA TUNISI N.37,91100,TRAPANI,TPIC836004@istruzione.it,092320106
ISTITUTO COMPRENSIVO,TPIC83700X,"I. C. ""D.ALIGHIERI"" VALDERICE",VIA VALENTI 80,91019,VALDERICE,TPIC83700X@istruzione.it,0923836068
ISTITUTO COMPRENSIVO,TPIC83800Q,I.C.  G.BOSCARINO-A.CASTIGLIONE,"PIAZZALE M. MONTESSORI, 3",91026,MAZARA DEL VALLO,TPIC83800Q@istruzione.it,0923941146
ISTITUTO COMPRENSIVO,TPIC83900G,I.C. G.GARIBALDI - V.PIPITONE,VIA RUBINO N.15,91025,MARSALA,TPIC83900G@istruzione.it,0923719661
ISTITUTO COMPRENSIVO,TPIC84000Q,"I.C  ""NUNZIO NASI"" TRAPANI",VIA P. ZUCCALA' N.14,91100,TRAPANI,TPIC84000Q@istruzione.it,0923552682
ISTITUTO COMPRENSIVO,TPIC84100G,"I.C.  ""L.RADICE - PAPPALARDO""",PIAZZA MARTIRI D'UNGHERIA,91022,CASTELVETRANO,TPIC84100G@istruzione.it,0924906962
ISTITUTO COMPRENSIVO,TPIC84200B,"I.C. ""E. PERTINI""",VIA A. DE SANTIS N.2/A,91100,TRAPANI,TPIC84200B@istruzione.it,0923551997
ISTITUTO COMPRENSIVO,TPIC843007,"I.C. ""GIUSEPPE GRASSA""",VIA LUIGI VACCARA N. 25,91026,MAZARA DEL VALLO,TPIC843007@istruzione.it,0923908438
ISTITUTO COMPRENSIVO,TPIC844003,"IC ""BORSELLINO-AJELLO"" MAZARA D","VIA SANTA CATERINA, 3",91026,MAZARA DEL VALLO,TPIC844003@istruzione.it,0923907577
ISTITUTO COMPRENSIVO,TPIC84500V,"I.C. - ""SIRTORI""  MARSALA",VIA SIRTORI N.20,91025,MARSALA,TPIC84500V@istruzione.it,0923981752
ISTITUTO SUPERIORE,TPIS002005,"I.I.S.S. ""F. D'AGUIRRE - D. ALIGHIERI""",VIA BAVIERA - N. 1,91018,SALEMI,TPIS002005@istruzione.it,0924534873
ISTITUTO SUPERIORE,TPIS00400R,"I. S. ""V. ALMANZA""",VIA NAPOLI N.32,91017,PANTELLERIA,TPIS00400R@istruzione.it,0923911050
ISTITUTO SUPERIORE,TPIS008004,"POLO STATALE ISS ""PIERSANTI MATTARELLA""",VIA FLEMING N.19,91014,CASTELLAMMARE DEL GOLFO,TPIS008004@istruzione.it,092431903
ISTITUTO SUPERIORE,TPIS00900X,"I.I.S  ""GIUSEPPE FERRO""",VIA J. F. KENNEDY N.48,91011,ALCAMO,TPIS00900X@istruzione.it,092423473
ISTITUTO SUPERIORE,TPIS01200Q,"""A. DAMIANI"" MARSALA",VIA TRAPANI 218,91025,MARSALA,TPIS01200Q@istruzione.it,0923989031
ISTITUTO SUPERIORE,TPIS01400B,"I.I.S.S.  ""R. D'ALTAVILLA -",C/DA AFFACCIATA - P.ZA SANDRO PERTINI,91026,MAZARA DEL VALLO,TPIS01400B@istruzione.it,0923941459
ISTITUTO SUPERIORE,TPIS01800P,"IST. ISTRUZ. SUP. ""L.DA VINCI"" TRAPANI",PIAZZA XXI APRILE S.N.C.,91100,TRAPANI,TPIS01800P@istruzione.it,092329498
ISTITUTO SUPERIORE,TPIS02100E,"I.S. ""G.B.FERRIGNO V. ACCARDI""",VIA G. GENTILE S.N.C.,91022,CASTELVETRANO,TPIS02100E@istruzione.it,092481151
ISTITUTO SUPERIORE,TPIS02200A,"I.I.S.S.  ""SCIASCIA E BUFALINO""  ERICE",VIA CESARO' N.36,91016,ERICE,TPIS02200A@istruzione.it,0923569559
ISTITUTO SUPERIORE,TPIS024002,"I.I.S.  ""LIC. G.G. ADRIA-G.P. BALLATORE""",VIA ORIANI N.7,91026,MAZARA DEL VALLO,TPIS024002@istruzione.it,0923934095
ISTITUTO SUPERIORE,TPIS02600N,"I.I.S. ""F. FERRARA"" MAZARA DEL VALLO",VIA SAN PIO N.4 C/DA AFFACCIATA,91026,MAZARA DEL VALLO,TPIS02600N@istruzione.it,0923941946
ISTITUTO SUPERIORE,TPIS02700D,"I. S. ""G. XXIII - COSENTINO""",VIA ELIODORO LOMBARDI 18,91025,MARSALA,TPIS02700D@istruzione.it,0923956225
ISTITUTO SUPERIORE,TPIS028009,"I.I.S. ""S.CALVINO - G. B. AMICO""","VIA SALEMI, 49",91100,TRAPANI,TPIS028009@istruzione.it,0923533522
ISTITUTO SUPERIORE,TPIS029005,"I.I.S.  ""L.S. V.FARDELLA-L.C. L.XIMENES""",VIA GARIBALDI N.83,91100,TRAPANI,TPIS029005@istruzione.it,092323903
ISTITUTO SUPERIORE,TPIS031005,"I.I.S. ""R.SALVO"" TRAPANI",VIA MARINELLA N.1,91100,TRAPANI,TPIS031005@istruzione.it,092322386
ISTITUTO SUPERIORE,TPIS032001,"I.I.S. ""CIPOLLA-PANTALEO-GENTILE""","PIAZZALE PLACIDO RIZZOTTO S.N.""",91022,CASTELVETRANO,TPIS032001@istruzione.it,0924901344
ISTITUTO SUPERIORE,TPIS03300R,"""I. E V. FLORIO""   ERICE",VIA BARRESI N.26,91016,ERICE,TPIS03300R@istruzione.it,0923556001
SCUOLA PRIMO GRADO,TPMM044004,"S.M.S ""A.DE STEFANO"" ERICE C.S.",VIA F.LLI AIUTO 16 SUC. VIA S. CARUSO,91016,ERICE,TPMM044004@istruzione.it,0923565660
SCUOLA PRIMO GRADO,TPMM05400P,"SC. MEDIA ""G. MAZZINI""  MARSALA",PIAZZA FRANCESCO PIZZO N.10,91025,MARSALA,TPMM05400P@istruzione.it,0923714186
CPIA,TPMM10200V,C. P. I. A.  - TRAPANI,"VIA CASTELLAMMARE, 14",91100,TRAPANI,TPMM10200V@istruzione.it,092321147
ISTITUTO MAGISTRALE,TPPM03000Q,"LICEO STATALE "" PASCASINO"" MARSALA","VIA VACCARI,5",91025,MARSALA,TPPM03000Q@istruzione.it,09231928988
ISTITUTO MAGISTRALE,TPPM050001,"LICEO STATALE ""V.F.ALLMAYER"" ALCAMO",VIA PIETRO GALATI N.39,91011,ALCAMO,TPPM050001@istruzione.it,092423666
LICEO SCIENTIFICO,TPPS10000Q,"LIC. SCIENTIFICO ""P.RUGGIERI"" MARSALA",VIA GIOVANNI FALCONE N.14,91025,MARSALA,TPPS10000Q@istruzione.it,0923718295
IST PROF PER I SERVIZI ALBERGHIERI E RISTORAZIONE,TPRH040003,"I.P.S.E.O.A. ""V. TITONE""",VIALE DEI TEMPLI 115,91022,CASTELVETRANO,TPRH040003@istruzione.it,0924932211
IST TEC COMMERCIALE E PER GEOMETRI,TPTD02000X,"I.T.E.T. ""G. CARUSO"" ALCAMO",VIA J.F. KENNEDY N. 2,91011,ALCAMO,TPTD02000X@istruzione.it,0924507600
ISTITUTO TECNICO COMMERCIALE,TPTD03000E,"""G. GARIBALDI"" MARSALA","VIA TRAPANI, 306",91025,MARSALA,TPTD03000E@istruzione.it,0923989011
